#
# A fatal error has been detected by the Java Runtime Environment:
#
#  SIGSEGV (0xb) at pc=0x00007f80120b1f0d, pid=21162, tid=21168
#
# JRE version: OpenJDK Runtime Environment (21.0.12.1+1) (build 21.0.12.1+1)
# Java VM: OpenJDK 64-Bit Server VM (21.0.12.1+1, mixed mode, sharing, tiered, compressed oops, compressed class ptrs, g1 gc, linux-amd64)
# Problematic frame:
# C  [libjdwp.so+0x2ef0d]
#
# Core dump will be written. Default location: Determined by the following: "/usr/lib/systemd/systemd-coredump %P %u %g %s %t %c %h %d %F %I" (alternatively, falling back to /home/jonny/.projects/java/2026-studio-3/core.21162)
#
# If you would like to submit a bug report, please visit:
#   https://bugreport.java.com/bugreport/crash.jsp
# The crash happened outside the Java Virtual Machine in native code.
# See problematic frame for where to report the bug.
#

---------------  S U M M A R Y ------------

Command Line: -Ddebugger.agent.enable.coroutines=true -Ddebugger.async.stack.trace.for.all.threads=true -Dkotlinx.coroutines.debug.enable.creation.stack.trace=false -Dkotlinx.coroutines.debug.enable.flows.stack.trace=true -Dkotlinx.coroutines.debug.enable.mutable.state.flows.stack.trace=true -agentlib:jdwp=transport=dt_socket,server=n,suspend=y,address=127.0.0.1:36133 -javaagent:/usr/share/idea/plugins/java/lib/rt/debugger-agent.jar=file:///tmp/capture1410246500206195039.props -Dfile.encoding=UTF-8 -Duser.country=AU -Duser.language=en -Duser.variant com.csse3200.game.desktop.DesktopLauncher

Host: AMD Ryzen 5 7600X 6-Core Processor, 12 cores, 30G, Arch Linux
Time: Wed Sep  9 19:45:37 2026 AEST elapsed time: 0.447632 seconds (0d 0h 0m 0s)

---------------  T H R E A D  ---------------

Current thread (0x00007f800c020660):  JavaThread "main"             [_thread_in_native, id=21168, stack(0x00007f80124d3000,0x00007f80125d3000) (1024K)]

Stack: [0x00007f80124d3000,0x00007f80125d3000],  sp=0x00007f80125d0dc8,  free space=1015k
Native frames: (J=compiled Java code, j=interpreted, Vv=VM code, C=native code)
C  [libjdwp.so+0x2ef0d]
C  [libjdwp.so+0x1890b]
V  [libjvm.so+0x93f62c]
V  [libjvm.so+0x6de2b1]
V  [libjvm.so+0x6e5b93]
V  [libjvm.so+0x9b432f]
V  [libjvm.so+0x9b4adb]
V  [libjvm.so+0x70a0b9]
V  [libjvm.so+0x70a6ad]
j  com.badlogic.gdx.backends.lwjgl3.Lwjgl3Application.initiateGL(Z)V+7
j  com.badlogic.gdx.backends.lwjgl3.Lwjgl3Application.createGlfwWindow(Lcom/badlogic/gdx/backends/lwjgl3/Lwjgl3ApplicationConfiguration;J)J+705
j  com.badlogic.gdx.backends.lwjgl3.Lwjgl3Application.createWindow(Lcom/badlogic/gdx/backends/lwjgl3/Lwjgl3Window;Lcom/badlogic/gdx/backends/lwjgl3/Lwjgl3ApplicationConfiguration;J)V+2
j  com.badlogic.gdx.backends.lwjgl3.Lwjgl3Application.createWindow(Lcom/badlogic/gdx/backends/lwjgl3/Lwjgl3ApplicationConfiguration;Lcom/badlogic/gdx/ApplicationListener;J)Lcom/badlogic/gdx/backends/lwjgl3/Lwjgl3Window;+23
j  com.badlogic.gdx.backends.lwjgl3.Lwjgl3Application.<init>(Lcom/badlogic/gdx/ApplicationListener;Lcom/badlogic/gdx/backends/lwjgl3/Lwjgl3ApplicationConfiguration;)V+243
j  com.csse3200.game.desktop.DesktopLauncher.main([Ljava/lang/String;)V+20
v  ~StubRoutines::call_stub 0x00007f7ffb937cc6
V  [libjvm.so+0x71548c]
V  [libjvm.so+0x7c94a7]
V  [libjvm.so+0x7cb993]
C  [libjli.so+0x4685]
C  [libjli.so+0x817e]
C  [libc.so.6+0x980a2]
Java frames: (J=compiled Java code, j=interpreted, Vv=VM code)
j  com.badlogic.gdx.backends.lwjgl3.Lwjgl3Application.initiateGL(Z)V+7
j  com.badlogic.gdx.backends.lwjgl3.Lwjgl3Application.createGlfwWindow(Lcom/badlogic/gdx/backends/lwjgl3/Lwjgl3ApplicationConfiguration;J)J+705
j  com.badlogic.gdx.backends.lwjgl3.Lwjgl3Application.createWindow(Lcom/badlogic/gdx/backends/lwjgl3/Lwjgl3Window;Lcom/badlogic/gdx/backends/lwjgl3/Lwjgl3ApplicationConfiguration;J)V+2
j  com.badlogic.gdx.backends.lwjgl3.Lwjgl3Application.createWindow(Lcom/badlogic/gdx/backends/lwjgl3/Lwjgl3ApplicationConfiguration;Lcom/badlogic/gdx/ApplicationListener;J)Lcom/badlogic/gdx/backends/lwjgl3/Lwjgl3Window;+23
j  com.badlogic.gdx.backends.lwjgl3.Lwjgl3Application.<init>(Lcom/badlogic/gdx/ApplicationListener;Lcom/badlogic/gdx/backends/lwjgl3/Lwjgl3ApplicationConfiguration;)V+243
j  com.csse3200.game.desktop.DesktopLauncher.main([Ljava/lang/String;)V+20
v  ~StubRoutines::call_stub 0x00007f7ffb937cc6

siginfo: si_signo: 11 (SIGSEGV), si_code: 128 (SI_KERNEL), si_addr: 0x0000000000000000

Registers:
RAX=0x11100710594f0f10, RBX=0x00007f80125d0e60, RCX=0x00007f800c020a20, RDX=0x00000000ffffff01
RSP=0x00007f80125d0dc8, RBP=0x00007f80125d0e50, RSI=0x00007f800c11f790, RDI=0x00007f800c020a20
R8 =0x0000000000000002, R9 =0x0000000000000000, R10=0x00007f7ff44008f0, R11=0x0000000000000001
R12=0x00007f800c020a20, R13=0x00007f80120c8200, R14=0x0000000000000007, R15=0x00007f80125d0f50
RIP=0x00007f80120b1f0d, EFLAGS=0x0000000000010246, CSGSFS=0x002b000000000033, ERR=0x0000000000000000
  TRAPNO=0x000000000000000d

XMM[0]=0x0000000000000000 0x0000000000000000
XMM[1]=0x00007f800c020d80 0x00007f800c020d70
XMM[2]=0x0000000000000000 0x0000000000000000
XMM[3]=0x0000000000000000 0x3f91422222222222
XMM[4]=0x00007f800c020d80 0x00007f800c020d70
XMM[5]=0x0000000000000000 0x4059000000000000
XMM[6]=0xffffffffffffffff 0xffffffff00000004
XMM[7]=0xffffffffffffffff 0xffffffff00000004
XMM[8]=0x11755c6a7f042661 0x9486b3b706a5bf44
XMM[9]=0x76f466e376f466e3 0x76f466e3f6d2b0ed
XMM[10]=0x0000000000000000 0x000000007fde4a0a
XMM[11]=0x96d0702096d07020 0x96d070208da3210d
XMM[12]=0x0000000000000000 0x00000000f6d2b0ed
XMM[13]=0x0000000000000000 0x0000001001000000
XMM[14]=0x0000000000000000 0x0000000000000100
XMM[15]=0x0000000000000000 0x0000000000000000
  MXCSR=0x00001fa2


Register to memory mapping:

RAX=0x11100710594f0f10 is an unknown value
RBX=0x00007f80125d0e60 is pointing into the stack for thread: 0x00007f800c020660
RCX=0x00007f800c020a20 points into unknown readable memory: 0x00007f800d28e7a0 | a0 e7 28 0d 80 7f 00 00
RDX=0x00000000ffffff01 is an unknown value
RSP=0x00007f80125d0dc8 is pointing into the stack for thread: 0x00007f800c020660
RBP=0x00007f80125d0e50 is pointing into the stack for thread: 0x00007f800c020660
RSI=0x00007f800c11f790 points into unknown readable memory: 0x0000000636402090 | 90 20 40 36 06 00 00 00
RDI=0x00007f800c020a20 points into unknown readable memory: 0x00007f800d28e7a0 | a0 e7 28 0d 80 7f 00 00
R8 =0x0000000000000002 is an unknown value
R9 =0x0 is null
R10=0x00007f7ff44008f0 is at entry_point+336 in (nmethod*)0x00007f7ff4400610
Compiled method (c1) 448    3       3       java.lang.Object::<init> (1 bytes)
 total in heap  [0x00007f7ff4400610,0x00007f7ff44008f8] = 744
 relocation     [0x00007f7ff4400768,0x00007f7ff4400798] = 48
 main code      [0x00007f7ff44007a0,0x00007f7ff4400870] = 208
 stub code      [0x00007f7ff4400870,0x00007f7ff44008a0] = 48
 metadata       [0x00007f7ff44008a0,0x00007f7ff44008b0] = 16
 scopes data    [0x00007f7ff44008b0,0x00007f7ff44008c0] = 16
 scopes pcs     [0x00007f7ff44008c0,0x00007f7ff44008f0] = 48
 dependencies   [0x00007f7ff44008f0,0x00007f7ff44008f8] = 8
R11=0x0000000000000001 is an unknown value
R12=0x00007f800c020a20 points into unknown readable memory: 0x00007f800d28e7a0 | a0 e7 28 0d 80 7f 00 00
R13=0x00007f80120c8200: <offset 0x0000000000045200> in /usr/lib/jvm/java-21-openjdk/lib/libjdwp.so at 0x00007f8012083000
R14=0x0000000000000007 is an unknown value
R15=0x00007f80125d0f50 is pointing into the stack for thread: 0x00007f800c020660

Top of Stack: (sp=0x00007f80125d0dc8)
0x00007f80125d0dc8:   00007f801209a5fa 00007f80125d0f90   ..........].....
0x00007f80125d0dd8:   00007f8012f4e122 00007f800c11f790   "...............
0x00007f80125d0de8:   00007f80131037e4 00007f800c11f790   .7..............
0x00007f80125d0df8:   0000000000000000 00007f80125d0e10   ..........].....
0x00007f80125d0e08:   00007f8012f4ebf9 00007f80125d0e30   ........0.].....
0x00007f80125d0e18:   00007f8012f21a30 00007f800c18ea00   0...............
0x00007f80125d0e28:   00007f80120c8200 00007f800c11f790   ................
0x00007f80125d0e38:   00007f800c11f798 00007f800c020a20   ........ .......
0x00007f80125d0e48:   00007f80125d0f50 00007f80125d0ee0   P.].......].....
0x00007f80125d0e58:   00007f801209b90b 0000000000000007   ................
0x00007f80125d0e68:   00007f800c11f790 0000000000000000   ................
0x00007f80125d0e78:   00007f800c11f798 0000000000000000   ................
0x00007f80125d0e88:   0000000000000000 0000000000000000   ................
0x00007f80125d0e98:   0000000000000000 0000000000000000   ................
0x00007f80125d0ea8:   0000000000000000 0000000000000000   ................
0x00007f80125d0eb8:   00007f800c020660 00007f800c020660   `.......`.......
0x00007f80125d0ec8:   00007f800c177630 00007f7f9408f170   0v......p.......
0x00007f80125d0ed8:   00007f800c11f798 00007f80125d0ff0   ..........].....
0x00007f80125d0ee8:   00007f8012f3f62c 00007f800c0008a8   ,...............
0x00007f80125d0ef8:   00007f800c11f790 00007f800c0009b0   ................
0x00007f80125d0f08:   00007f8000000000 00007f800c020660   ........`.......
0x00007f80125d0f18:   00007f800c021160 00007f800c0211a0   `...............
0x00007f80125d0f28:   00007f800c0211c8 00007f800c021288   ................
0x00007f80125d0f38:   00000000000000d8 00007f80125d1050   ........P.].....
0x00007f80125d0f48:   00007f7f9408f170 00007f80139c7fb8   p...............
0x00007f80125d0f58:   00007f800c00d8a0 00007f800c020d70   ........p.......
0x00007f80125d0f68:   00007f800c020d80 00007f800c021158   ........X.......
0x00007f80125d0f78:   00000000000003d8 00007f800c020660   ........`.......
0x00007f80125d0f88:   00007f800c020660 00007f800c021160   `.......`.......
0x00007f80125d0f98:   00007f800c0211a0 00007f800c0211c8   ................
0x00007f80125d0fa8:   00007f800c021288 00000000000000d8   ................
0x00007f80125d0fb8:   00007f80125d0f10 00007f80125d0ff0   ..].......].....

Instructions: (pc=0x00007f80120b1f0d)
0x00007f80120b1e0d:   8d 3d 1a 82 00 00 67 e8 97 27 ff ff 31 c0 48 8d
0x00007f80120b1e1d:   35 e7 ab 00 00 48 8d 3d f7 7d 00 00 67 e8 61 28
0x00007f80120b1e2d:   ff ff 48 8b 05 ca 63 01 00 e9 dd fe ff ff 0f 1f
0x00007f80120b1e3d:   44 00 00 f3 0f 1e fa 55 48 89 e5 53 48 89 fb 48
0x00007f80120b1e4d:   83 ec 18 e8 bb df ff ff 48 89 c1 48 8b 05 a1 63
0x00007f80120b1e5d:   01 00 f6 80 10 02 00 00 02 75 20 48 8b 50 28 48
0x00007f80120b1e6d:   8b 01 48 89 de 48 89 cf 48 8b 5d f8 48 8b 80 00
0x00007f80120b1e7d:   01 00 00 c9 ff e0 0f 1f 44 00 00 48 89 4d e8 ba
0x00007f80120b1e8d:   0b 06 00 00 48 8d 35 38 7a 00 00 48 8d 3d 6e 7d
0x00007f80120b1e9d:   00 00 67 e8 0b 27 ff ff 31 c0 48 8d 35 97 96 00
0x00007f80120b1ead:   00 48 8d 3d 6b 7d 00 00 67 e8 d5 27 ff ff 48 8b
0x00007f80120b1ebd:   05 3e 63 01 00 48 8b 4d e8 eb a0 0f 1f 84 00 00
0x00007f80120b1ecd:   00 00 00 f3 0f 1e fa 55 48 89 e5 53 48 89 fb 48
0x00007f80120b1edd:   83 ec 18 e8 2b df ff ff 48 89 c1 48 8b 05 11 63
0x00007f80120b1eed:   01 00 f6 80 10 02 00 00 02 75 18 48 8b 01 48 89
0x00007f80120b1efd:   de 48 89 cf 48 8b 5d f8 48 8b 80 50 07 00 00 c9
0x00007f80120b1f0d:   ff e0 90 48 89 4d e8 ba 12 06 00 00 48 8d 35 b0
0x00007f80120b1f1d:   79 00 00 48 8d 3d e6 7c 00 00 67 e8 83 26 ff ff
0x00007f80120b1f2d:   48 8d 35 99 85 00 00 48 8d 3d e5 7c 00 00 31 c0
0x00007f80120b1f3d:   67 e8 4d 27 ff ff 48 8b 4d e8 eb af 0f 1f 80 00
0x00007f80120b1f4d:   00 00 00 f3 0f 1e fa 55 48 89 e5 53 48 89 fb 48
0x00007f80120b1f5d:   83 ec 18 e8 ab de ff ff 48 89 c1 48 8b 05 91 62
0x00007f80120b1f6d:   01 00 f6 80 10 02 00 00 02 75 20 48 8b 50 30 48
0x00007f80120b1f7d:   8b 01 48 89 de 48 89 cf 48 8b 5d f8 48 8b 80 00
0x00007f80120b1f8d:   01 00 00 c9 ff e0 0f 1f 44 00 00 48 89 4d e8 ba
0x00007f80120b1f9d:   19 06 00 00 48 8d 35 28 79 00 00 48 8d 3d 5e 7c
0x00007f80120b1fad:   00 00 67 e8 fb 25 ff ff 31 c0 48 8d 35 87 95 00
0x00007f80120b1fbd:   00 48 8d 3d 5b 7c 00 00 67 e8 c5 26 ff ff 48 8b
0x00007f80120b1fcd:   05 2e 62 01 00 48 8b 4d e8 eb a0 0f 1f 84 00 00
0x00007f80120b1fdd:   00 00 00 f3 0f 1e fa 55 48 89 e5 53 48 89 fb 48
0x00007f80120b1fed:   83 ec 18 e8 1b de ff ff 48 89 c1 48 8b 05 01 62
0x00007f80120b1ffd:   01 00 f6 80 10 02 00 00 02 75 20 48 8b 50 38 48


Stack slot to memory mapping:

stack at sp + 0 slots: 0x00007f801209a5fa: <offset 0x00000000000175fa> in /usr/lib/jvm/java-21-openjdk/lib/libjdwp.so at 0x00007f8012083000
stack at sp + 1 slots: 0x00007f80125d0f90 is pointing into the stack for thread: 0x00007f800c020660
stack at sp + 2 slots: 0x00007f8012f4e122: <offset 0x000000000094e122> in /usr/lib/jvm/java-21-openjdk/lib/server/libjvm.so at 0x00007f8012600000
stack at sp + 3 slots: 0x00007f800c11f790 points into unknown readable memory: 0x0000000636402090 | 90 20 40 36 06 00 00 00
stack at sp + 4 slots: 0x00007f80131037e4: <offset 0x0000000000b037e4> in /usr/lib/jvm/java-21-openjdk/lib/server/libjvm.so at 0x00007f8012600000
stack at sp + 5 slots: 0x00007f800c11f790 points into unknown readable memory: 0x0000000636402090 | 90 20 40 36 06 00 00 00
stack at sp + 6 slots: 0x0 is null
stack at sp + 7 slots: 0x00007f80125d0e10 is pointing into the stack for thread: 0x00007f800c020660


---------------  P R O C E S S  ---------------

Threads class SMR info:
_java_thread_list=0x00007f800c2254c0, length=15, elements={
0x00007f800c020660, 0x00007f800c1262c0, 0x00007f800c127840, 0x00007f800c128fe0,
0x00007f800c12a630, 0x00007f800c12bbe0, 0x00007f800c12d730, 0x00007f800c12ee00,
0x00007f800c17c450, 0x00007f800c18f840, 0x00007f7f80001680, 0x00007f800c1ae980,
0x00007f800c209c50, 0x00007f800c217ad0, 0x00007f800c21d580
}

Java Threads: ( => current thread )
=>0x00007f800c020660 JavaThread "main"                              [_thread_in_native, id=21168, stack(0x00007f80124d3000,0x00007f80125d3000) (1024K)]
  0x00007f800c1262c0 JavaThread "Reference Handler"          daemon [_thread_blocked, id=21176, stack(0x00007f7fe88f2000,0x00007f7fe89f2000) (1024K)]
  0x00007f800c127840 JavaThread "Finalizer"                  daemon [_thread_blocked, id=21177, stack(0x00007f7fe87f1000,0x00007f7fe88f1000) (1024K)]
  0x00007f800c128fe0 JavaThread "Signal Dispatcher"          daemon [_thread_blocked, id=21178, stack(0x00007f7fe86f0000,0x00007f7fe87f0000) (1024K)]
  0x00007f800c12a630 JavaThread "Service Thread"             daemon [_thread_blocked, id=21179, stack(0x00007f7fe85ef000,0x00007f7fe86ef000) (1024K)]
  0x00007f800c12bbe0 JavaThread "Monitor Deflation Thread"   daemon [_thread_blocked, id=21180, stack(0x00007f7fe84ee000,0x00007f7fe85ee000) (1024K)]
  0x00007f800c12d730 JavaThread "C2 CompilerThread0"         daemon [_thread_blocked, id=21181, stack(0x00007f7fe83ed000,0x00007f7fe84ed000) (1024K)]
  0x00007f800c12ee00 JavaThread "C1 CompilerThread0"         daemon [_thread_blocked, id=21182, stack(0x00007f7fe82ec000,0x00007f7fe83ec000) (1024K)]
  0x00007f800c17c450 JavaThread "JDWP Transport Listener: dt_socket" daemon [_thread_blocked, id=21188, stack(0x00007f7fe811a000,0x00007f7fe821a000) (1024K)]
  0x00007f800c18f840 JavaThread "JDWP Event Helper Thread"   daemon [_thread_blocked, id=21190, stack(0x00007f7fe8019000,0x00007f7fe8119000) (1024K)]
  0x00007f7f80001680 JavaThread "JDWP Command Reader"        daemon [_thread_in_native, id=21192, stack(0x00007f7f92f00000,0x00007f7f93000000) (1024K)]
  0x00007f800c1ae980 JavaThread "Common-Cleaner"             daemon [_thread_blocked, id=21194, stack(0x00007f7f92dff000,0x00007f7f92eff000) (1024K)]
  0x00007f800c209c50 JavaThread "IntelliJ Debugger Overhead Detector Coarse Timer" daemon [_thread_blocked, id=21195, stack(0x00007f7f92cfe000,0x00007f7f92dfe000) (1024K)]
  0x00007f800c217ad0 JavaThread "IntelliJ Debugger Helper Thread" daemon [_thread_blocked, id=21196, stack(0x00007f7f92bfd000,0x00007f7f92cfd000) (1024K)]
  0x00007f800c21d580 JavaThread "Notification Thread"        daemon [_thread_blocked, id=21197, stack(0x00007f7f92afc000,0x00007f7f92bfc000) (1024K)]
Total: 15

Other Threads:
  0x00007f800c11dc20 VMThread "VM Thread"                           [id=21175, stack(0x00007f7fe89f3000,0x00007f7fe8af3000) (1024K)]
  0x00007f800c10ba20 WatcherThread "VM Periodic Task Thread"        [id=21174, stack(0x00007f7fe8af4000,0x00007f7fe8bf4000) (1024K)]
  0x00007f800c04c810 WorkerThread "GC Thread#0"                     [id=21169, stack(0x00007f800bf00000,0x00007f800c000000) (1024K)]
  0x00007f800c05d110 ConcurrentGCThread "G1 Main Marker"            [id=21170, stack(0x00007f7feb9ae000,0x00007f7febaae000) (1024K)]
  0x00007f800c05e0c0 WorkerThread "G1 Conc#0"                       [id=21171, stack(0x00007f7feb8ad000,0x00007f7feb9ad000) (1024K)]
  0x00007f800c0f8f00 ConcurrentGCThread "G1 Refine#0"               [id=21172, stack(0x00007f7fe8cf6000,0x00007f7fe8df6000) (1024K)]
  0x00007f800c0f9ed0 ConcurrentGCThread "G1 Service"                [id=21173, stack(0x00007f7fe8bf5000,0x00007f7fe8cf5000) (1024K)]
Total: 7

Threads with active compile tasks:
Total: 0

VM state: not at safepoint (normal execution)

VM Mutex/Monitor currently owned by a thread: None

Heap address: 0x0000000617c00000, size: 7812 MB, Compressed Oops mode: Zero based, Oop shift amount: 3

CDS archive(s) mapped at: [0x00007f7f93000000-0x00007f7f93c9c000-0x00007f7f93c9c000), size 13221888, SharedBaseAddress: 0x00007f7f93000000, ArchiveRelocationMode: 1.
Compressed class space mapped at: 0x00007f7f94000000-0x00007f7fd4000000, reserved size: 1073741824
Narrow klass base: 0x00007f7f93000000, Narrow klass shift: 0, Narrow klass range: 0x100000000

GC Precious Log:
 CardTable entry size: 512
 Card Set container configuration: InlinePtr #cards 4 size 8 Array Of Cards #cards 32 size 80 Howl #buckets 8 coarsen threshold 7372 Howl Bitmap #cards 1024 size 144 coarsen threshold 921 Card regions per heap region 1 cards per card region 8192
 CPUs: 12 total, 12 available
 Memory: 31238M
 Large Page Support: Disabled
 NUMA Support: Disabled
 Compressed Oops: Enabled (Zero based)
 Heap Region Size: 4M
 Heap Min Capacity: 8M
 Heap Initial Capacity: 492M
 Heap Max Capacity: 7812M
 Pre-touch: Disabled
 Parallel Workers: 10
 Concurrent Workers: 3
 Concurrent Refinement Workers: 10
 Periodic GC: Disabled

Heap:
 garbage-first heap   total 507904K, used 13361K [0x0000000617c00000, 0x0000000800000000)
  region size 4096K, 5 young (20480K), 0 survivors (0K)
 Metaspace       used 7104K, committed 7296K, reserved 1114112K
  class space    used 549K, committed 640K, reserved 1048576K

Heap Regions: E=young(eden), S=young(survivor), O=old, HS=humongous(starts), HC=humongous(continues), CS=collection set, F=free, TAMS=top-at-mark-start, PB=parsable bottom
|   0|0x0000000617c00000, 0x0000000617c00000, 0x0000000618000000|  0%| F|  |TAMS 0x0000000617c00000| PB 0x0000000617c00000| Untracked 
|   1|0x0000000618000000, 0x0000000618000000, 0x0000000618400000|  0%| F|  |TAMS 0x0000000618000000| PB 0x0000000618000000| Untracked 
|   2|0x0000000618400000, 0x0000000618400000, 0x0000000618800000|  0%| F|  |TAMS 0x0000000618400000| PB 0x0000000618400000| Untracked 
|   3|0x0000000618800000, 0x0000000618800000, 0x0000000618c00000|  0%| F|  |TAMS 0x0000000618800000| PB 0x0000000618800000| Untracked 
|   4|0x0000000618c00000, 0x0000000618c00000, 0x0000000619000000|  0%| F|  |TAMS 0x0000000618c00000| PB 0x0000000618c00000| Untracked 
|   5|0x0000000619000000, 0x0000000619000000, 0x0000000619400000|  0%| F|  |TAMS 0x0000000619000000| PB 0x0000000619000000| Untracked 
|   6|0x0000000619400000, 0x0000000619400000, 0x0000000619800000|  0%| F|  |TAMS 0x0000000619400000| PB 0x0000000619400000| Untracked 
|   7|0x0000000619800000, 0x0000000619800000, 0x0000000619c00000|  0%| F|  |TAMS 0x0000000619800000| PB 0x0000000619800000| Untracked 
|   8|0x0000000619c00000, 0x0000000619c00000, 0x000000061a000000|  0%| F|  |TAMS 0x0000000619c00000| PB 0x0000000619c00000| Untracked 
|   9|0x000000061a000000, 0x000000061a000000, 0x000000061a400000|  0%| F|  |TAMS 0x000000061a000000| PB 0x000000061a000000| Untracked 
|  10|0x000000061a400000, 0x000000061a400000, 0x000000061a800000|  0%| F|  |TAMS 0x000000061a400000| PB 0x000000061a400000| Untracked 
|  11|0x000000061a800000, 0x000000061a800000, 0x000000061ac00000|  0%| F|  |TAMS 0x000000061a800000| PB 0x000000061a800000| Untracked 
|  12|0x000000061ac00000, 0x000000061ac00000, 0x000000061b000000|  0%| F|  |TAMS 0x000000061ac00000| PB 0x000000061ac00000| Untracked 
|  13|0x000000061b000000, 0x000000061b000000, 0x000000061b400000|  0%| F|  |TAMS 0x000000061b000000| PB 0x000000061b000000| Untracked 
|  14|0x000000061b400000, 0x000000061b400000, 0x000000061b800000|  0%| F|  |TAMS 0x000000061b400000| PB 0x000000061b400000| Untracked 
|  15|0x000000061b800000, 0x000000061b800000, 0x000000061bc00000|  0%| F|  |TAMS 0x000000061b800000| PB 0x000000061b800000| Untracked 
|  16|0x000000061bc00000, 0x000000061bc00000, 0x000000061c000000|  0%| F|  |TAMS 0x000000061bc00000| PB 0x000000061bc00000| Untracked 
|  17|0x000000061c000000, 0x000000061c000000, 0x000000061c400000|  0%| F|  |TAMS 0x000000061c000000| PB 0x000000061c000000| Untracked 
|  18|0x000000061c400000, 0x000000061c400000, 0x000000061c800000|  0%| F|  |TAMS 0x000000061c400000| PB 0x000000061c400000| Untracked 
|  19|0x000000061c800000, 0x000000061c800000, 0x000000061cc00000|  0%| F|  |TAMS 0x000000061c800000| PB 0x000000061c800000| Untracked 
|  20|0x000000061cc00000, 0x000000061cc00000, 0x000000061d000000|  0%| F|  |TAMS 0x000000061cc00000| PB 0x000000061cc00000| Untracked 
|  21|0x000000061d000000, 0x000000061d000000, 0x000000061d400000|  0%| F|  |TAMS 0x000000061d000000| PB 0x000000061d000000| Untracked 
|  22|0x000000061d400000, 0x000000061d400000, 0x000000061d800000|  0%| F|  |TAMS 0x000000061d400000| PB 0x000000061d400000| Untracked 
|  23|0x000000061d800000, 0x000000061d800000, 0x000000061dc00000|  0%| F|  |TAMS 0x000000061d800000| PB 0x000000061d800000| Untracked 
|  24|0x000000061dc00000, 0x000000061dc00000, 0x000000061e000000|  0%| F|  |TAMS 0x000000061dc00000| PB 0x000000061dc00000| Untracked 
|  25|0x000000061e000000, 0x000000061e000000, 0x000000061e400000|  0%| F|  |TAMS 0x000000061e000000| PB 0x000000061e000000| Untracked 
|  26|0x000000061e400000, 0x000000061e400000, 0x000000061e800000|  0%| F|  |TAMS 0x000000061e400000| PB 0x000000061e400000| Untracked 
|  27|0x000000061e800000, 0x000000061e800000, 0x000000061ec00000|  0%| F|  |TAMS 0x000000061e800000| PB 0x000000061e800000| Untracked 
|  28|0x000000061ec00000, 0x000000061ec00000, 0x000000061f000000|  0%| F|  |TAMS 0x000000061ec00000| PB 0x000000061ec00000| Untracked 
|  29|0x000000061f000000, 0x000000061f000000, 0x000000061f400000|  0%| F|  |TAMS 0x000000061f000000| PB 0x000000061f000000| Untracked 
|  30|0x000000061f400000, 0x000000061f400000, 0x000000061f800000|  0%| F|  |TAMS 0x000000061f400000| PB 0x000000061f400000| Untracked 
|  31|0x000000061f800000, 0x000000061f800000, 0x000000061fc00000|  0%| F|  |TAMS 0x000000061f800000| PB 0x000000061f800000| Untracked 
|  32|0x000000061fc00000, 0x000000061fc00000, 0x0000000620000000|  0%| F|  |TAMS 0x000000061fc00000| PB 0x000000061fc00000| Untracked 
|  33|0x0000000620000000, 0x0000000620000000, 0x0000000620400000|  0%| F|  |TAMS 0x0000000620000000| PB 0x0000000620000000| Untracked 
|  34|0x0000000620400000, 0x0000000620400000, 0x0000000620800000|  0%| F|  |TAMS 0x0000000620400000| PB 0x0000000620400000| Untracked 
|  35|0x0000000620800000, 0x0000000620800000, 0x0000000620c00000|  0%| F|  |TAMS 0x0000000620800000| PB 0x0000000620800000| Untracked 
|  36|0x0000000620c00000, 0x0000000620c00000, 0x0000000621000000|  0%| F|  |TAMS 0x0000000620c00000| PB 0x0000000620c00000| Untracked 
|  37|0x0000000621000000, 0x0000000621000000, 0x0000000621400000|  0%| F|  |TAMS 0x0000000621000000| PB 0x0000000621000000| Untracked 
|  38|0x0000000621400000, 0x0000000621400000, 0x0000000621800000|  0%| F|  |TAMS 0x0000000621400000| PB 0x0000000621400000| Untracked 
|  39|0x0000000621800000, 0x0000000621800000, 0x0000000621c00000|  0%| F|  |TAMS 0x0000000621800000| PB 0x0000000621800000| Untracked 
|  40|0x0000000621c00000, 0x0000000621c00000, 0x0000000622000000|  0%| F|  |TAMS 0x0000000621c00000| PB 0x0000000621c00000| Untracked 
|  41|0x0000000622000000, 0x0000000622000000, 0x0000000622400000|  0%| F|  |TAMS 0x0000000622000000| PB 0x0000000622000000| Untracked 
|  42|0x0000000622400000, 0x0000000622400000, 0x0000000622800000|  0%| F|  |TAMS 0x0000000622400000| PB 0x0000000622400000| Untracked 
|  43|0x0000000622800000, 0x0000000622800000, 0x0000000622c00000|  0%| F|  |TAMS 0x0000000622800000| PB 0x0000000622800000| Untracked 
|  44|0x0000000622c00000, 0x0000000622c00000, 0x0000000623000000|  0%| F|  |TAMS 0x0000000622c00000| PB 0x0000000622c00000| Untracked 
|  45|0x0000000623000000, 0x0000000623000000, 0x0000000623400000|  0%| F|  |TAMS 0x0000000623000000| PB 0x0000000623000000| Untracked 
|  46|0x0000000623400000, 0x0000000623400000, 0x0000000623800000|  0%| F|  |TAMS 0x0000000623400000| PB 0x0000000623400000| Untracked 
|  47|0x0000000623800000, 0x0000000623800000, 0x0000000623c00000|  0%| F|  |TAMS 0x0000000623800000| PB 0x0000000623800000| Untracked 
|  48|0x0000000623c00000, 0x0000000623c00000, 0x0000000624000000|  0%| F|  |TAMS 0x0000000623c00000| PB 0x0000000623c00000| Untracked 
|  49|0x0000000624000000, 0x0000000624000000, 0x0000000624400000|  0%| F|  |TAMS 0x0000000624000000| PB 0x0000000624000000| Untracked 
|  50|0x0000000624400000, 0x0000000624400000, 0x0000000624800000|  0%| F|  |TAMS 0x0000000624400000| PB 0x0000000624400000| Untracked 
|  51|0x0000000624800000, 0x0000000624800000, 0x0000000624c00000|  0%| F|  |TAMS 0x0000000624800000| PB 0x0000000624800000| Untracked 
|  52|0x0000000624c00000, 0x0000000624c00000, 0x0000000625000000|  0%| F|  |TAMS 0x0000000624c00000| PB 0x0000000624c00000| Untracked 
|  53|0x0000000625000000, 0x0000000625000000, 0x0000000625400000|  0%| F|  |TAMS 0x0000000625000000| PB 0x0000000625000000| Untracked 
|  54|0x0000000625400000, 0x0000000625400000, 0x0000000625800000|  0%| F|  |TAMS 0x0000000625400000| PB 0x0000000625400000| Untracked 
|  55|0x0000000625800000, 0x0000000625800000, 0x0000000625c00000|  0%| F|  |TAMS 0x0000000625800000| PB 0x0000000625800000| Untracked 
|  56|0x0000000625c00000, 0x0000000625c00000, 0x0000000626000000|  0%| F|  |TAMS 0x0000000625c00000| PB 0x0000000625c00000| Untracked 
|  57|0x0000000626000000, 0x0000000626000000, 0x0000000626400000|  0%| F|  |TAMS 0x0000000626000000| PB 0x0000000626000000| Untracked 
|  58|0x0000000626400000, 0x0000000626400000, 0x0000000626800000|  0%| F|  |TAMS 0x0000000626400000| PB 0x0000000626400000| Untracked 
|  59|0x0000000626800000, 0x0000000626800000, 0x0000000626c00000|  0%| F|  |TAMS 0x0000000626800000| PB 0x0000000626800000| Untracked 
|  60|0x0000000626c00000, 0x0000000626c00000, 0x0000000627000000|  0%| F|  |TAMS 0x0000000626c00000| PB 0x0000000626c00000| Untracked 
|  61|0x0000000627000000, 0x0000000627000000, 0x0000000627400000|  0%| F|  |TAMS 0x0000000627000000| PB 0x0000000627000000| Untracked 
|  62|0x0000000627400000, 0x0000000627400000, 0x0000000627800000|  0%| F|  |TAMS 0x0000000627400000| PB 0x0000000627400000| Untracked 
|  63|0x0000000627800000, 0x0000000627800000, 0x0000000627c00000|  0%| F|  |TAMS 0x0000000627800000| PB 0x0000000627800000| Untracked 
|  64|0x0000000627c00000, 0x0000000627c00000, 0x0000000628000000|  0%| F|  |TAMS 0x0000000627c00000| PB 0x0000000627c00000| Untracked 
|  65|0x0000000628000000, 0x0000000628000000, 0x0000000628400000|  0%| F|  |TAMS 0x0000000628000000| PB 0x0000000628000000| Untracked 
|  66|0x0000000628400000, 0x0000000628400000, 0x0000000628800000|  0%| F|  |TAMS 0x0000000628400000| PB 0x0000000628400000| Untracked 
|  67|0x0000000628800000, 0x0000000628800000, 0x0000000628c00000|  0%| F|  |TAMS 0x0000000628800000| PB 0x0000000628800000| Untracked 
|  68|0x0000000628c00000, 0x0000000628c00000, 0x0000000629000000|  0%| F|  |TAMS 0x0000000628c00000| PB 0x0000000628c00000| Untracked 
|  69|0x0000000629000000, 0x0000000629000000, 0x0000000629400000|  0%| F|  |TAMS 0x0000000629000000| PB 0x0000000629000000| Untracked 
|  70|0x0000000629400000, 0x0000000629400000, 0x0000000629800000|  0%| F|  |TAMS 0x0000000629400000| PB 0x0000000629400000| Untracked 
|  71|0x0000000629800000, 0x0000000629800000, 0x0000000629c00000|  0%| F|  |TAMS 0x0000000629800000| PB 0x0000000629800000| Untracked 
|  72|0x0000000629c00000, 0x0000000629c00000, 0x000000062a000000|  0%| F|  |TAMS 0x0000000629c00000| PB 0x0000000629c00000| Untracked 
|  73|0x000000062a000000, 0x000000062a000000, 0x000000062a400000|  0%| F|  |TAMS 0x000000062a000000| PB 0x000000062a000000| Untracked 
|  74|0x000000062a400000, 0x000000062a400000, 0x000000062a800000|  0%| F|  |TAMS 0x000000062a400000| PB 0x000000062a400000| Untracked 
|  75|0x000000062a800000, 0x000000062a800000, 0x000000062ac00000|  0%| F|  |TAMS 0x000000062a800000| PB 0x000000062a800000| Untracked 
|  76|0x000000062ac00000, 0x000000062ac00000, 0x000000062b000000|  0%| F|  |TAMS 0x000000062ac00000| PB 0x000000062ac00000| Untracked 
|  77|0x000000062b000000, 0x000000062b000000, 0x000000062b400000|  0%| F|  |TAMS 0x000000062b000000| PB 0x000000062b000000| Untracked 
|  78|0x000000062b400000, 0x000000062b400000, 0x000000062b800000|  0%| F|  |TAMS 0x000000062b400000| PB 0x000000062b400000| Untracked 
|  79|0x000000062b800000, 0x000000062b800000, 0x000000062bc00000|  0%| F|  |TAMS 0x000000062b800000| PB 0x000000062b800000| Untracked 
|  80|0x000000062bc00000, 0x000000062bc00000, 0x000000062c000000|  0%| F|  |TAMS 0x000000062bc00000| PB 0x000000062bc00000| Untracked 
|  81|0x000000062c000000, 0x000000062c000000, 0x000000062c400000|  0%| F|  |TAMS 0x000000062c000000| PB 0x000000062c000000| Untracked 
|  82|0x000000062c400000, 0x000000062c400000, 0x000000062c800000|  0%| F|  |TAMS 0x000000062c400000| PB 0x000000062c400000| Untracked 
|  83|0x000000062c800000, 0x000000062c800000, 0x000000062cc00000|  0%| F|  |TAMS 0x000000062c800000| PB 0x000000062c800000| Untracked 
|  84|0x000000062cc00000, 0x000000062cc00000, 0x000000062d000000|  0%| F|  |TAMS 0x000000062cc00000| PB 0x000000062cc00000| Untracked 
|  85|0x000000062d000000, 0x000000062d000000, 0x000000062d400000|  0%| F|  |TAMS 0x000000062d000000| PB 0x000000062d000000| Untracked 
|  86|0x000000062d400000, 0x000000062d400000, 0x000000062d800000|  0%| F|  |TAMS 0x000000062d400000| PB 0x000000062d400000| Untracked 
|  87|0x000000062d800000, 0x000000062d800000, 0x000000062dc00000|  0%| F|  |TAMS 0x000000062d800000| PB 0x000000062d800000| Untracked 
|  88|0x000000062dc00000, 0x000000062dc00000, 0x000000062e000000|  0%| F|  |TAMS 0x000000062dc00000| PB 0x000000062dc00000| Untracked 
|  89|0x000000062e000000, 0x000000062e000000, 0x000000062e400000|  0%| F|  |TAMS 0x000000062e000000| PB 0x000000062e000000| Untracked 
|  90|0x000000062e400000, 0x000000062e400000, 0x000000062e800000|  0%| F|  |TAMS 0x000000062e400000| PB 0x000000062e400000| Untracked 
|  91|0x000000062e800000, 0x000000062e800000, 0x000000062ec00000|  0%| F|  |TAMS 0x000000062e800000| PB 0x000000062e800000| Untracked 
|  92|0x000000062ec00000, 0x000000062ec00000, 0x000000062f000000|  0%| F|  |TAMS 0x000000062ec00000| PB 0x000000062ec00000| Untracked 
|  93|0x000000062f000000, 0x000000062f000000, 0x000000062f400000|  0%| F|  |TAMS 0x000000062f000000| PB 0x000000062f000000| Untracked 
|  94|0x000000062f400000, 0x000000062f400000, 0x000000062f800000|  0%| F|  |TAMS 0x000000062f400000| PB 0x000000062f400000| Untracked 
|  95|0x000000062f800000, 0x000000062f800000, 0x000000062fc00000|  0%| F|  |TAMS 0x000000062f800000| PB 0x000000062f800000| Untracked 
|  96|0x000000062fc00000, 0x000000062fc00000, 0x0000000630000000|  0%| F|  |TAMS 0x000000062fc00000| PB 0x000000062fc00000| Untracked 
|  97|0x0000000630000000, 0x0000000630000000, 0x0000000630400000|  0%| F|  |TAMS 0x0000000630000000| PB 0x0000000630000000| Untracked 
|  98|0x0000000630400000, 0x0000000630400000, 0x0000000630800000|  0%| F|  |TAMS 0x0000000630400000| PB 0x0000000630400000| Untracked 
|  99|0x0000000630800000, 0x0000000630800000, 0x0000000630c00000|  0%| F|  |TAMS 0x0000000630800000| PB 0x0000000630800000| Untracked 
| 100|0x0000000630c00000, 0x0000000630c00000, 0x0000000631000000|  0%| F|  |TAMS 0x0000000630c00000| PB 0x0000000630c00000| Untracked 
| 101|0x0000000631000000, 0x0000000631000000, 0x0000000631400000|  0%| F|  |TAMS 0x0000000631000000| PB 0x0000000631000000| Untracked 
| 102|0x0000000631400000, 0x0000000631400000, 0x0000000631800000|  0%| F|  |TAMS 0x0000000631400000| PB 0x0000000631400000| Untracked 
| 103|0x0000000631800000, 0x0000000631800000, 0x0000000631c00000|  0%| F|  |TAMS 0x0000000631800000| PB 0x0000000631800000| Untracked 
| 104|0x0000000631c00000, 0x0000000631c00000, 0x0000000632000000|  0%| F|  |TAMS 0x0000000631c00000| PB 0x0000000631c00000| Untracked 
| 105|0x0000000632000000, 0x0000000632000000, 0x0000000632400000|  0%| F|  |TAMS 0x0000000632000000| PB 0x0000000632000000| Untracked 
| 106|0x0000000632400000, 0x0000000632400000, 0x0000000632800000|  0%| F|  |TAMS 0x0000000632400000| PB 0x0000000632400000| Untracked 
| 107|0x0000000632800000, 0x0000000632800000, 0x0000000632c00000|  0%| F|  |TAMS 0x0000000632800000| PB 0x0000000632800000| Untracked 
| 108|0x0000000632c00000, 0x0000000632c00000, 0x0000000633000000|  0%| F|  |TAMS 0x0000000632c00000| PB 0x0000000632c00000| Untracked 
| 109|0x0000000633000000, 0x0000000633000000, 0x0000000633400000|  0%| F|  |TAMS 0x0000000633000000| PB 0x0000000633000000| Untracked 
| 110|0x0000000633400000, 0x0000000633400000, 0x0000000633800000|  0%| F|  |TAMS 0x0000000633400000| PB 0x0000000633400000| Untracked 
| 111|0x0000000633800000, 0x0000000633800000, 0x0000000633c00000|  0%| F|  |TAMS 0x0000000633800000| PB 0x0000000633800000| Untracked 
| 112|0x0000000633c00000, 0x0000000633c00000, 0x0000000634000000|  0%| F|  |TAMS 0x0000000633c00000| PB 0x0000000633c00000| Untracked 
| 113|0x0000000634000000, 0x0000000634000000, 0x0000000634400000|  0%| F|  |TAMS 0x0000000634000000| PB 0x0000000634000000| Untracked 
| 114|0x0000000634400000, 0x0000000634400000, 0x0000000634800000|  0%| F|  |TAMS 0x0000000634400000| PB 0x0000000634400000| Untracked 
| 115|0x0000000634800000, 0x0000000634800000, 0x0000000634c00000|  0%| F|  |TAMS 0x0000000634800000| PB 0x0000000634800000| Untracked 
| 116|0x0000000634c00000, 0x0000000634c00000, 0x0000000635000000|  0%| F|  |TAMS 0x0000000634c00000| PB 0x0000000634c00000| Untracked 
| 117|0x0000000635000000, 0x0000000635000000, 0x0000000635400000|  0%| F|  |TAMS 0x0000000635000000| PB 0x0000000635000000| Untracked 
| 118|0x0000000635400000, 0x00000006354f8760, 0x0000000635800000| 24%| E|  |TAMS 0x0000000635400000| PB 0x0000000635400000| Complete 
| 119|0x0000000635800000, 0x0000000635c00000, 0x0000000635c00000|100%| E|  |TAMS 0x0000000635800000| PB 0x0000000635800000| Complete 
| 120|0x0000000635c00000, 0x0000000636000000, 0x0000000636000000|100%| E|CS|TAMS 0x0000000635c00000| PB 0x0000000635c00000| Complete 
| 121|0x0000000636000000, 0x0000000636400000, 0x0000000636400000|100%| E|CS|TAMS 0x0000000636000000| PB 0x0000000636000000| Complete 
| 122|0x0000000636400000, 0x0000000636800000, 0x0000000636800000|100%| E|CS|TAMS 0x0000000636400000| PB 0x0000000636400000| Complete 
|1952|0x00000007ffc00000, 0x00000007ffd0c680, 0x0000000800000000| 26%| O|  |TAMS 0x00000007ffc00000| PB 0x00000007ffc00000| Untracked 

Card table byte_map: [0x00007f7ff34be000,0x00007f7ff4400000] _byte_map_base: 0x00007f7ff0400000

Marking Bits: (CMBitMap*) 0x00007f800c04d200
 Bits: [0x00007f7febaae000, 0x00007f7ff34be000)

Polling page: 0x00007f8013c28000

Metaspace:

Usage:
  Non-class:      6.40 MB used.
      Class:    549.77 KB used.
       Both:      6.94 MB used.

Virtual space:
  Non-class space:       64.00 MB reserved,       6.50 MB ( 10%) committed,  1 nodes.
      Class space:        1.00 GB reserved,     640.00 KB ( <1%) committed,  1 nodes.
             Both:        1.06 GB reserved,       7.12 MB ( <1%) committed. 

Chunk freelists:
   Non-Class:  9.42 MB
       Class:  15.43 MB
        Both:  24.86 MB

MaxMetaspaceSize: unlimited
CompressedClassSpaceSize: 1.00 GB
Initial GC threshold: 21.00 MB
Current GC threshold: 21.00 MB
CDS: on
 - commit_granule_bytes: 65536.
 - commit_granule_words: 8192.
 - virtual_space_node_default_size: 8388608.
 - enlarge_chunks_in_place: 1.
 - use_allocation_guard: 0.


Internal statistics:

num_allocs_failed_limit: 0.
num_arena_births: 84.
num_arena_deaths: 0.
num_vsnodes_births: 2.
num_vsnodes_deaths: 0.
num_space_committed: 112.
num_space_uncommitted: 0.
num_chunks_returned_to_freelist: 0.
num_chunks_taken_from_freelist: 200.
num_chunk_merges: 0.
num_chunk_splits: 130.
num_chunks_enlarged: 93.
num_inconsistent_stats: 0.

CodeHeap 'non-profiled nmethods': size=120028Kb used=316Kb max_used=316Kb free=119711Kb
 bounds [0x00007f7ffbec9000, 0x00007f7ffc139000, 0x00007f8003400000]
CodeHeap 'profiled nmethods': size=120028Kb used=1546Kb max_used=1546Kb free=118481Kb
 bounds [0x00007f7ff4400000, 0x00007f7ff4670000, 0x00007f7ffb937000]
CodeHeap 'non-nmethods': size=5704Kb used=2280Kb max_used=2280Kb free=3423Kb
 bounds [0x00007f7ffb937000, 0x00007f7ffbba7000, 0x00007f7ffbec9000]
CodeCache: size=245760Kb, used=4142Kb, max_used=4142Kb, free=241615Kb
 total_blobs=1900, nmethods=910, adapters=896, full_count=0
Compilation: enabled, stopped_count=0, restarted_count=0

Compilation events (20 events):
Event: 0.428 Thread 0x00007f800c12ee00  902   !   3       org.lwjgl.system.FunctionProvider::getFunctionAddress (95 bytes)
Event: 0.428 Thread 0x00007f800c12ee00 nmethod 902 0x00007f7ff457e790 code [0x00007f7ff457ea20, 0x00007f7ff457f850]
Event: 0.428 Thread 0x00007f800c12ee00  904       3       org.lwjgl.PointerBuffer::put (24 bytes)
Event: 0.428 Thread 0x00007f800c12d730  907       4       java.lang.String::charAt (25 bytes)
Event: 0.428 Thread 0x00007f800c12ee00 nmethod 904 0x00007f7ff457fe10 code [0x00007f7ff457ffe0, 0x00007f7ff4580348]
Event: 0.428 Thread 0x00007f800c12ee00  905       3       org.lwjgl.system.Platform::get (4 bytes)
Event: 0.428 Thread 0x00007f800c12ee00 nmethod 905 0x00007f7ff4580510 code [0x00007f7ff45806a0, 0x00007f7ff4580790]
Event: 0.428 Thread 0x00007f800c12ee00  906       3       org.lwjgl.opengl.GL$1::getFunctionAddress (104 bytes)
Event: 0.428 Thread 0x00007f800c12ee00 nmethod 906 0x00007f7ff4580810 code [0x00007f7ff4580a00, 0x00007f7ff4580ed8]
Event: 0.429 Thread 0x00007f800c12d730 nmethod 907 0x00007f7ffbf16f10 code [0x00007f7ffbf170a0, 0x00007f7ffbf171f8]
Event: 0.429 Thread 0x00007f800c12d730  908       4       org.lwjgl.system.MemoryUtil::encodeASCIIUnsafe (53 bytes)
Event: 0.430 Thread 0x00007f800c12d730 nmethod 908 0x00007f7ffbf17390 code [0x00007f7ffbf17540, 0x00007f7ffbf17768]
Event: 0.430 Thread 0x00007f800c12d730  909       4       org.lwjgl.system.MemoryStack::pop (22 bytes)
Event: 0.430 Thread 0x00007f800c12d730 nmethod 909 0x00007f7ffbf17a10 code [0x00007f7ffbf17ba0, 0x00007f7ffbf17c90]
Event: 0.432 Thread 0x00007f800c12ee00  910       3       org.lwjgl.system.Checks::checkFunctions (81 bytes)
Event: 0.432 Thread 0x00007f800c12ee00 nmethod 910 0x00007f7ff4581110 code [0x00007f7ff4581300, 0x00007f7ff4581768]
Event: 0.446 Thread 0x00007f800c12d730  911       4       org.lwjgl.PointerBuffer::get (22 bytes)
Event: 0.446 Thread 0x00007f800c12ee00  912       3       sun.net.util.IPAddressUtil::checkAuth (45 bytes)
Event: 0.446 Thread 0x00007f800c12d730 nmethod 911 0x00007f7ffbf17d90 code [0x00007f7ffbf17f20, 0x00007f7ffbf18018]
Event: 0.446 Thread 0x00007f800c12ee00 nmethod 912 0x00007f7ff4581990 code [0x00007f7ff4581c20, 0x00007f7ff4582668]

GC Heap History (0 events):
No events

Dll operation events (20 events):
Event: 0.013 Attempting to load shared library /usr/lib/jvm/java-21-openjdk/lib/libjsvml.so
Event: 0.013 Loaded shared library /usr/lib/jvm/java-21-openjdk/lib/libjsvml.so
Event: 0.040 Attempting to load shared library /usr/lib/jvm/java-21-openjdk/lib/libinstrument.so
Event: 0.040 Loaded shared library /usr/lib/jvm/java-21-openjdk/lib/libinstrument.so
Event: 0.045 Attempting to load shared library /usr/lib/jvm/java-21-openjdk/lib/libnio.so
Event: 0.045 Loaded shared library /usr/lib/jvm/java-21-openjdk/lib/libnio.so
Event: 0.046 Attempting to load shared library /usr/lib/jvm/java-21-openjdk/lib/libnet.so
Event: 0.046 Loaded shared library /usr/lib/jvm/java-21-openjdk/lib/libnet.so
Event: 0.048 Attempting to load shared library /usr/lib/jvm/java-21-openjdk/lib/libzip.so
Event: 0.048 Loaded shared library /usr/lib/jvm/java-21-openjdk/lib/libzip.so
Event: 0.082 Attempting to load shared library /usr/lib/jvm/java-21-openjdk/lib/libverify.so
Event: 0.082 Loaded shared library /usr/lib/jvm/java-21-openjdk/lib/libverify.so
Event: 0.084 Attempting to load shared library /usr/lib/jvm/java-21-openjdk/lib/libjimage.so
Event: 0.084 Loaded shared library /usr/lib/jvm/java-21-openjdk/lib/libjimage.so
Event: 0.100 Attempting to load shared library /tmp/libgdxjonny/2d27742a/libgdx64.so
Event: 0.100 Loaded shared library /tmp/libgdxjonny/2d27742a/libgdx64.so
Event: 0.119 Attempting to load shared library /tmp/lwjgljonny/3.3.1-build-7/liblwjgl.so
Event: 0.119 Loaded shared library /tmp/lwjgljonny/3.3.1-build-7/liblwjgl.so
Event: 0.399 Attempting to load shared library /tmp/lwjgljonny/3.3.1-build-7/liblwjgl_opengl.so
Event: 0.399 Loaded shared library /tmp/lwjgljonny/3.3.1-build-7/liblwjgl_opengl.so

Deoptimization events (20 events):
Event: 0.185 Thread 0x00007f800c020660 Uncommon trap: trap_request=0xffffff45 fr.pc=0x00007f7ffbf02cfc relative=0x00000000000002bc
Event: 0.185 Thread 0x00007f800c020660 Uncommon trap: reason=unstable_if action=reinterpret pc=0x00007f7ffbf02cfc method=java.lang.String.startsWith(Ljava/lang/String;I)Z @ 1 c2
Event: 0.185 Thread 0x00007f800c020660 DEOPT PACKING pc=0x00007f7ffbf02cfc sp=0x00007f80125d1170
Event: 0.185 Thread 0x00007f800c020660 DEOPT UNPACKING pc=0x00007f7ffb98e619 sp=0x00007f80125d1120 mode 2
Event: 0.406 Thread 0x00007f800c020660 Uncommon trap: trap_request=0xffffff45 fr.pc=0x00007f7ffbf11298 relative=0x00000000000002d8
Event: 0.406 Thread 0x00007f800c020660 Uncommon trap: reason=unstable_if action=reinterpret pc=0x00007f7ffbf11298 method=jdk.internal.util.ArraysSupport.mismatch([BI[BII)I @ 55 c2
Event: 0.406 Thread 0x00007f800c020660 DEOPT PACKING pc=0x00007f7ffbf11298 sp=0x00007f80125d0410
Event: 0.406 Thread 0x00007f800c020660 DEOPT UNPACKING pc=0x00007f7ffb98e619 sp=0x00007f80125d02e0 mode 2
Event: 0.406 Thread 0x00007f800c020660 Uncommon trap: trap_request=0xffffff45 fr.pc=0x00007f7ffbeffff8 relative=0x0000000000000258
Event: 0.406 Thread 0x00007f800c020660 Uncommon trap: reason=unstable_if action=reinterpret pc=0x00007f7ffbeffff8 method=jdk.internal.util.ArraysSupport.mismatch([BI[BII)I @ 55 c2
Event: 0.406 Thread 0x00007f800c020660 DEOPT PACKING pc=0x00007f7ffbeffff8 sp=0x00007f80125d03f0
Event: 0.406 Thread 0x00007f800c020660 DEOPT UNPACKING pc=0x00007f7ffb98e619 sp=0x00007f80125d0390 mode 2
Event: 0.407 Thread 0x00007f800c020660 Uncommon trap: trap_request=0xffffff45 fr.pc=0x00007f7ffbec9ff8 relative=0x00000000000000d8
Event: 0.407 Thread 0x00007f800c020660 Uncommon trap: reason=unstable_if action=reinterpret pc=0x00007f7ffbec9ff8 method=java.lang.String.isLatin1()Z @ 10 c2
Event: 0.407 Thread 0x00007f800c020660 DEOPT PACKING pc=0x00007f7ffbec9ff8 sp=0x00007f80125d0ce0
Event: 0.407 Thread 0x00007f800c020660 DEOPT UNPACKING pc=0x00007f7ffb98e619 sp=0x00007f80125d0c50 mode 2
Event: 0.407 Thread 0x00007f800c020660 Uncommon trap: trap_request=0xffffff45 fr.pc=0x00007f7ffbedb5f0 relative=0x0000000000000070
Event: 0.407 Thread 0x00007f800c020660 Uncommon trap: reason=unstable_if action=reinterpret pc=0x00007f7ffbedb5f0 method=java.lang.String.isLatin1()Z @ 10 c2
Event: 0.407 Thread 0x00007f800c020660 DEOPT PACKING pc=0x00007f7ffbedb5f0 sp=0x00007f80125d0370
Event: 0.407 Thread 0x00007f800c020660 DEOPT UNPACKING pc=0x00007f7ffb98e619 sp=0x00007f80125d0330 mode 2

Classes loaded (20 events):
Event: 0.405 Loading class java/util/ListResourceBundle
Event: 0.405 Loading class java/util/ListResourceBundle done
Event: 0.405 Loading class sun/text/resources/cldr/FormatData
Event: 0.405 Loading class sun/text/resources/cldr/FormatData done
Event: 0.405 Loading class sun/util/resources/Bundles$BundleReference
Event: 0.405 Loading class sun/util/resources/Bundles$BundleReference done
Event: 0.405 Loading class sun/text/resources/cldr/FormatData_en
Event: 0.405 Loading class sun/text/resources/cldr/FormatData_en done
Event: 0.405 Loading class sun/util/resources/Bundles$2
Event: 0.405 Loading class sun/util/resources/Bundles$2 done
Event: 0.406 Loading class java/lang/Class$1
Event: 0.406 Loading class java/lang/Class$1 done
Event: 0.409 Loading class org/lwjgl/opengl/GLCapabilities
Event: 0.409 Loading class org/lwjgl/opengl/GLCapabilities done
Event: 0.427 Loading class org/lwjgl/PointerBuffer
Event: 0.427 Loading class org/lwjgl/PointerBuffer done
Event: 0.427 Loading class org/lwjgl/PointerBuffer
Event: 0.427 Loading class org/lwjgl/PointerBuffer done
Event: 0.446 Loading class org/lwjgl/opengl/GL11
Event: 0.446 Loading class org/lwjgl/opengl/GL11 done

Classes unloaded (0 events):
No events

Classes redefined (1 events):
Event: 0.056 Thread 0x00007f800c11dc20 redefined class name=java.lang.Throwable, count=1

Internal exceptions (20 events):
Event: 0.041 Thread 0x00007f800c020660 Implicit null exception at 0x00007f7ffbedab63 to 0x00007f7ffbedacd0
Event: 0.042 Thread 0x00007f800c020660 Exception <a 'java/lang/NoSuchMethodError'{0x00000006365e5138}: 'void java.lang.invoke.DirectMethodHandle$Holder.invokeStatic(java.lang.Object, java.lang.Object, java.lang.Object)'> (0x00000006365e5138) 
thrown [/usr/src/debug/java21-openjdk/jdk21u-jdk-21.0.12.1-1/src/hotspot/share/interpreter/linkResolver.cpp, line 772]
Event: 0.044 Thread 0x00007f800c020660 Exception <a 'java/lang/NoSuchMethodError'{0x00000006366f2d00}: 'java.lang.Object java.lang.invoke.Invokers$Holder.invokeExact_MT(java.lang.Object, java.lang.Object, java.lang.Object, java.lang.Object, java.lang.Object)'> (0x00000006366f2d00) 
thrown [/usr/src/debug/java21-openjdk/jdk21u-jdk-21.0.12.1-1/src/hotspot/share/interpreter/linkResolver.cpp, line 772]
Event: 0.110 Thread 0x00007f800c020660 Exception <a 'java/lang/NoSuchMethodError'{0x0000000635de60e0}: 'void java.lang.invoke.DirectMethodHandle$Holder.invokeStatic(java.lang.Object, java.lang.Object)'> (0x0000000635de60e0) 
thrown [/usr/src/debug/java21-openjdk/jdk21u-jdk-21.0.12.1-1/src/hotspot/share/interpreter/linkResolver.cpp, line 772]
Event: 0.110 Thread 0x00007f800c020660 Exception <a 'java/lang/NoSuchMethodError'{0x0000000635df0fd8}: 'void java.lang.System.load(java.lang.String, java.lang.Class)'> (0x0000000635df0fd8) 
thrown [/usr/src/debug/java21-openjdk/jdk21u-jdk-21.0.12.1-1/src/hotspot/share/interpreter/linkResolver.cpp, line 772]
Event: 0.110 Thread 0x00007f800c020660 Exception <a 'java/lang/NoSuchMethodError'{0x0000000635df1a30}: 'void java.lang.invoke.DirectMethodHandle$Holder.invokeSpecial(java.lang.Object, java.lang.Object, java.lang.Object)'> (0x0000000635df1a30) 
thrown [/usr/src/debug/java21-openjdk/jdk21u-jdk-21.0.12.1-1/src/hotspot/share/interpreter/linkResolver.cpp, line 772]
Event: 0.111 Thread 0x00007f800c020660 Exception <a 'java/lang/NoSuchMethodError'{0x0000000635e051b8}: 'java.lang.Object java.lang.invoke.DirectMethodHandle$Holder.invokeStatic(java.lang.Object, java.lang.Object, int)'> (0x0000000635e051b8) 
thrown [/usr/src/debug/java21-openjdk/jdk21u-jdk-21.0.12.1-1/src/hotspot/share/interpreter/linkResolver.cpp, line 772]
Event: 0.112 Thread 0x00007f800c020660 Exception <a 'java/lang/NoSuchMethodError'{0x0000000635e10958}: 'void java.lang.invoke.DelegatingMethodHandle$Holder.delegate(java.lang.Object, java.lang.Object, int, java.lang.Object)'> (0x0000000635e10958) 
thrown [/usr/src/debug/java21-openjdk/jdk21u-jdk-21.0.12.1-1/src/hotspot/share/interpreter/linkResolver.cpp, line 772]
Event: 0.112 Thread 0x00007f800c020660 Exception <a 'java/lang/NoSuchMethodError'{0x0000000635e146a0}: 'int java.lang.invoke.DirectMethodHandle$Holder.invokeSpecial(java.lang.Object, java.lang.Object, java.lang.Object)'> (0x0000000635e146a0) 
thrown [/usr/src/debug/java21-openjdk/jdk21u-jdk-21.0.12.1-1/src/hotspot/share/interpreter/linkResolver.cpp, line 772]
Event: 0.114 Thread 0x00007f800c020660 Exception <a 'java/lang/NoSuchMethodError'{0x0000000635e30808}: 'void java.lang.System.loadLibrary(java.lang.String, java.lang.Class)'> (0x0000000635e30808) 
thrown [/usr/src/debug/java21-openjdk/jdk21u-jdk-21.0.12.1-1/src/hotspot/share/interpreter/linkResolver.cpp, line 772]
Event: 0.123 Thread 0x00007f800c020660 Exception <a 'java/lang/NoSuchMethodError'{0x0000000635ef3640}: 'int java.lang.invoke.DirectMethodHandle$Holder.invokeStaticInit(java.lang.Object, java.lang.Object, int, long)'> (0x0000000635ef3640) 
thrown [/usr/src/debug/java21-openjdk/jdk21u-jdk-21.0.12.1-1/src/hotspot/share/interpreter/linkResolver.cpp, line 772]
Event: 0.123 Thread 0x00007f800c020660 Exception <a 'java/lang/NoSuchMethodError'{0x0000000635ef8790}: 'java.lang.Object java.lang.invoke.DirectMethodHandle$Holder.newInvokeSpecial(java.lang.Object, java.lang.Object, int)'> (0x0000000635ef8790) 
thrown [/usr/src/debug/java21-openjdk/jdk21u-jdk-21.0.12.1-1/src/hotspot/share/interpreter/linkResolver.cpp, line 772]
Event: 0.124 Thread 0x00007f800c020660 Exception <a 'java/lang/NoSuchMethodError'{0x0000000635f0ef18}: 'int java.lang.invoke.DirectMethodHandle$Holder.invokeStaticInit(java.lang.Object, java.lang.Object, long, long)'> (0x0000000635f0ef18) 
thrown [/usr/src/debug/java21-openjdk/jdk21u-jdk-21.0.12.1-1/src/hotspot/share/interpreter/linkResolver.cpp, line 772]
Event: 0.124 Thread 0x00007f800c020660 Exception <a 'java/lang/NoSuchMethodError'{0x0000000635f149e8}: 'java.lang.Object java.lang.invoke.DirectMethodHandle$Holder.newInvokeSpecial(java.lang.Object, java.lang.Object, long)'> (0x0000000635f149e8) 
thrown [/usr/src/debug/java21-openjdk/jdk21u-jdk-21.0.12.1-1/src/hotspot/share/interpreter/linkResolver.cpp, line 772]
Event: 0.125 Thread 0x00007f800c020660 Exception <a 'java/lang/NoSuchMethodError'{0x0000000635f18888}: 'java.lang.Object java.lang.invoke.Invokers$Holder.linkToTargetMethod(java.lang.Object, long, java.lang.Object)'> (0x0000000635f18888) 
thrown [/usr/src/debug/java21-openjdk/jdk21u-jdk-21.0.12.1-1/src/hotspot/share/interpreter/linkResolver.cpp, line 772]
Event: 0.125 Thread 0x00007f800c020660 Exception <a 'java/lang/NoSuchMethodError'{0x0000000635f1faf8}: 'int java.lang.invoke.DirectMethodHandle$Holder.invokeStaticInit(java.lang.Object, java.lang.Object, java.lang.Object, long)'> (0x0000000635f1faf8) 
thrown [/usr/src/debug/java21-openjdk/jdk21u-jdk-21.0.12.1-1/src/hotspot/share/interpreter/linkResolver.cpp, line 772]
Event: 0.141 Thread 0x00007f800c020660 Exception <a 'java/lang/NoSuchMethodError'{0x000000063587af60}: 'int java.lang.invoke.Invokers$Holder.invokeExact_MT(java.lang.Object, java.lang.Object)'> (0x000000063587af60) 
thrown [/usr/src/debug/java21-openjdk/jdk21u-jdk-21.0.12.1-1/src/hotspot/share/interpreter/linkResolver.cpp, line 772]
Event: 0.181 Thread 0x00007f800c020660 Exception <a 'java/lang/NoSuchMethodError'{0x0000000635968548}: 'java.lang.Object java.lang.invoke.DirectMethodHandle$Holder.newInvokeSpecial(java.lang.Object, long)'> (0x0000000635968548) 
thrown [/usr/src/debug/java21-openjdk/jdk21u-jdk-21.0.12.1-1/src/hotspot/share/interpreter/linkResolver.cpp, line 772]
Event: 0.397 Thread 0x00007f800c020660 Exception <a 'java/lang/NoSuchMethodError'{0x0000000635a89090}: 'void java.lang.System.load(java.lang.String, java.lang.Class)'> (0x0000000635a89090) 
thrown [/usr/src/debug/java21-openjdk/jdk21u-jdk-21.0.12.1-1/src/hotspot/share/interpreter/linkResolver.cpp, line 772]
Event: 0.397 Thread 0x00007f800c020660 Exception <a 'java/lang/NoSuchMethodError'{0x0000000635a8bae8}: 'void java.lang.System.loadLibrary(java.lang.String, java.lang.Class)'> (0x0000000635a8bae8) 
thrown [/usr/src/debug/java21-openjdk/jdk21u-jdk-21.0.12.1-1/src/hotspot/share/interpreter/linkResolver.cpp, line 772]

ZGC Phase Switch (0 events):
No events

VM Operations (16 events):
Event: 0.024 Executing non-safepoint VM operation: HandshakeAllThreads (Deoptimize)
Event: 0.024 Executing non-safepoint VM operation: HandshakeAllThreads (Deoptimize) done
Event: 0.040 Executing safepoint VM operation: ChangeBreakpoints
Event: 0.040 Executing safepoint VM operation: ChangeBreakpoints done
Event: 0.040 Executing safepoint VM operation: ChangeBreakpoints
Event: 0.040 Executing safepoint VM operation: ChangeBreakpoints done
Event: 0.049 Executing safepoint VM operation: ChangeBreakpoints
Event: 0.049 Executing safepoint VM operation: ChangeBreakpoints done
Event: 0.056 Executing safepoint VM operation: RedefineClasses
Event: 0.057 Executing safepoint VM operation: RedefineClasses done
Event: 0.057 Executing safepoint VM operation: get/set locals
Event: 0.057 Executing safepoint VM operation: get/set locals done
Event: 0.099 Executing non-safepoint VM operation: HandshakeAllThreads (Deoptimize)
Event: 0.100 Executing non-safepoint VM operation: HandshakeAllThreads (Deoptimize) done
Event: 0.111 Executing non-safepoint VM operation: HandshakeAllThreads (Deoptimize)
Event: 0.111 Executing non-safepoint VM operation: HandshakeAllThreads (Deoptimize) done

Memory protections (15 events):
Event: 0.001 Protecting memory [0x00007f80124d3000,0x00007f80124d7000] with protection modes 0
Event: 0.013 Protecting memory [0x00007f7fe88f2000,0x00007f7fe88f6000] with protection modes 0
Event: 0.013 Protecting memory [0x00007f7fe87f1000,0x00007f7fe87f5000] with protection modes 0
Event: 0.013 Protecting memory [0x00007f7fe86f0000,0x00007f7fe86f4000] with protection modes 0
Event: 0.013 Protecting memory [0x00007f7fe85ef000,0x00007f7fe85f3000] with protection modes 0
Event: 0.013 Protecting memory [0x00007f7fe84ee000,0x00007f7fe84f2000] with protection modes 0
Event: 0.013 Protecting memory [0x00007f7fe83ed000,0x00007f7fe83f1000] with protection modes 0
Event: 0.013 Protecting memory [0x00007f7fe82ec000,0x00007f7fe82f0000] with protection modes 0
Event: 0.029 Protecting memory [0x00007f7fe811a000,0x00007f7fe811e000] with protection modes 0
Event: 0.029 Protecting memory [0x00007f7fe8019000,0x00007f7fe801d000] with protection modes 0
Event: 0.029 Protecting memory [0x00007f7f92f00000,0x00007f7f92f04000] with protection modes 0
Event: 0.045 Protecting memory [0x00007f7f92dff000,0x00007f7f92e03000] with protection modes 0
Event: 0.059 Protecting memory [0x00007f7f92cfe000,0x00007f7f92d02000] with protection modes 0
Event: 0.060 Protecting memory [0x00007f7f92bfd000,0x00007f7f92c01000] with protection modes 0
Event: 0.061 Protecting memory [0x00007f7f92afc000,0x00007f7f92b00000] with protection modes 0

Nmethod flushes (0 events):
No events

Events (15 events):
Event: 0.009 Thread 0x00007f800c020660 Thread added: 0x00007f800c020660
Event: 0.013 Thread 0x00007f800c020660 Thread added: 0x00007f800c1262c0
Event: 0.013 Thread 0x00007f800c020660 Thread added: 0x00007f800c127840
Event: 0.013 Thread 0x00007f800c020660 Thread added: 0x00007f800c128fe0
Event: 0.013 Thread 0x00007f800c020660 Thread added: 0x00007f800c12a630
Event: 0.013 Thread 0x00007f800c020660 Thread added: 0x00007f800c12bbe0
Event: 0.013 Thread 0x00007f800c020660 Thread added: 0x00007f800c12d730
Event: 0.013 Thread 0x00007f800c020660 Thread added: 0x00007f800c12ee00
Event: 0.029 Thread 0x00007f800c020660 Thread added: 0x00007f800c17c450
Event: 0.029 Thread 0x00007f800c020660 Thread added: 0x00007f800c18f840
Event: 0.029 Thread 0x00007f800c17c450 Thread added: 0x00007f7f80001680
Event: 0.045 Thread 0x00007f800c020660 Thread added: 0x00007f800c1ae980
Event: 0.059 Thread 0x00007f800c020660 Thread added: 0x00007f800c209c50
Event: 0.060 Thread 0x00007f800c020660 Thread added: 0x00007f800c217ad0
Event: 0.061 Thread 0x00007f800c020660 Thread added: 0x00007f800c21d580


Dynamic libraries:
41d3a000-41d3c000 r-xs 00000000 00:01 42619                              /memfd:/.glXXXXXX (deleted)
41f34000-41fe3000 rw-p 00000000 00:00 0 
617c00000-636800000 rw-p 00000000 00:00 0 
636800000-7ffc00000 ---p 00000000 00:00 0 
7ffc00000-7ffd0d000 rw-p 00cdb000 103:03 119440445                       /usr/lib/jvm/java-21-openjdk/lib/server/classes.jsa
7ffd0d000-800000000 rw-p 00000000 00:00 0 
55c3a7d38000-55c3a7d39000 r--p 00000000 103:03 119416305                 /usr/lib/jvm/java-21-openjdk/bin/java
55c3a7d39000-55c3a7d3a000 r-xp 00001000 103:03 119416305                 /usr/lib/jvm/java-21-openjdk/bin/java
55c3a7d3a000-55c3a7d3b000 r--p 00002000 103:03 119416305                 /usr/lib/jvm/java-21-openjdk/bin/java
55c3a7d3b000-55c3a7d3c000 r--p 00002000 103:03 119416305                 /usr/lib/jvm/java-21-openjdk/bin/java
55c3a7d3c000-55c3a7d3d000 rw-p 00003000 103:03 119416305                 /usr/lib/jvm/java-21-openjdk/bin/java
55c3d292f000-55c3d299a000 rw-p 00000000 00:00 0                          [heap]
7f7f69800000-7f7f69856000 r-xp 00000000 00:2c 174                        /tmp/lwjgljonny/3.3.1-build-7/liblwjgl_opengl.so
7f7f69856000-7f7f69a55000 ---p 00056000 00:2c 174                        /tmp/lwjgljonny/3.3.1-build-7/liblwjgl_opengl.so
7f7f69a55000-7f7f69a56000 r--p 00055000 00:2c 174                        /tmp/lwjgljonny/3.3.1-build-7/liblwjgl_opengl.so
7f7f69a56000-7f7f69a57000 rw-p 00056000 00:2c 174                        /tmp/lwjgljonny/3.3.1-build-7/liblwjgl_opengl.so
7f7f69a96000-7f7f69b96000 rw-s 00000000 00:07 1303                       /dev/nvidiactl
7f7f69b96000-7f7f69ba9000 rw-s 00000000 00:07 1303                       /dev/nvidiactl
7f7f69ba9000-7f7f69be9000 rw-s 00000000 00:07 1303                       /dev/nvidiactl
7f7f69be9000-7f7f69c09000 rw-s 00000000 00:07 1303                       /dev/nvidiactl
7f7f69c09000-7f7f69c49000 rw-s 00000000 00:07 1303                       /dev/nvidiactl
7f7f69c49000-7f7f69c69000 rw-s 00000000 00:07 1303                       /dev/nvidiactl
7f7f69c69000-7f7f69ca9000 rw-s 00000000 00:07 1303                       /dev/nvidiactl
7f7f69ca9000-7f7f69cc9000 rw-s 00000000 00:07 1303                       /dev/nvidiactl
7f7f69cc9000-7f7f6a4ca000 rw-p 00000000 00:00 0 
7f7f6a4ca000-7f7f6a54a000 rw-s 00000000 00:07 1303                       /dev/nvidiactl
7f7f6a54a000-7f7f6a64a000 rw-s 00000000 00:07 1303                       /dev/nvidiactl
7f7f6a64a000-7f7f6a6ca000 rw-s 00000000 00:07 1303                       /dev/nvidiactl
7f7f6a6ca000-7f7f6a6dd000 rw-s 00000000 00:07 1303                       /dev/nvidiactl
7f7f6a6dd000-7f7f6afff000 rw-p 00000000 00:00 0 
7f7f6afff000-7f7f6b800000 rw-p 00000000 00:00 0 
7f7f6b800000-7f7f6bb5b000 r--p 00000000 103:03 119320562                 /usr/lib/libnvidia-gpucomp.so.610.57.04
7f7f6bb5b000-7f7f700f8000 r-xp 0035b000 103:03 119320562                 /usr/lib/libnvidia-gpucomp.so.610.57.04
7f7f700f8000-7f7f71de8000 r--p 048f8000 103:03 119320562                 /usr/lib/libnvidia-gpucomp.so.610.57.04
7f7f71de8000-7f7f7203a000 r--p 065e7000 103:03 119320562                 /usr/lib/libnvidia-gpucomp.so.610.57.04
7f7f7203a000-7f7f721c5000 rw-p 06839000 103:03 119320562                 /usr/lib/libnvidia-gpucomp.so.610.57.04
7f7f721c5000-7f7f72280000 rw-p 00000000 00:00 0 
7f7f72280000-7f7f722c0000 rw-s 00000000 00:07 1303                       /dev/nvidiactl
7f7f722c0000-7f7f722e0000 rw-s 00000000 00:07 1303                       /dev/nvidiactl
7f7f722e0000-7f7f72320000 rw-s 00000000 00:07 1303                       /dev/nvidiactl
7f7f72320000-7f7f72340000 rw-s 00000000 00:07 1303                       /dev/nvidiactl
7f7f72340000-7f7f723c0000 rw-s 00000000 00:07 1305                       /dev/nvidia0
7f7f723c0000-7f7f72400000 rw-s 00000000 00:07 1303                       /dev/nvidiactl
7f7f72400000-7f7f72650000 r-xp 00000000 103:03 119307823                 /usr/lib/libnvidia-glcore.so.610.57.04
7f7f72650000-7f7f72671000 rwxp 00250000 103:03 119307823                 /usr/lib/libnvidia-glcore.so.610.57.04
7f7f72671000-7f7f72800000 r-xp 00271000 103:03 119307823                 /usr/lib/libnvidia-glcore.so.610.57.04
7f7f72800000-7f7f73400000 r-xp 00400000 103:03 119307823                 /usr/lib/libnvidia-glcore.so.610.57.04
7f7f73400000-7f7f749f9000 r-xp 01000000 103:03 119307823                 /usr/lib/libnvidia-glcore.so.610.57.04
7f7f749f9000-7f7f749fa000 ---p 025f9000 103:03 119307823                 /usr/lib/libnvidia-glcore.so.610.57.04
7f7f749fa000-7f7f74b72000 r--p 025f9000 103:03 119307823                 /usr/lib/libnvidia-glcore.so.610.57.04
7f7f74b72000-7f7f74bd5000 rw-p 02771000 103:03 119307823                 /usr/lib/libnvidia-glcore.so.610.57.04
7f7f74bd5000-7f7f74bf5000 rw-p 00000000 00:00 0 
7f7f74bf8000-7f7f74bfc000 rw-s 00000000 00:07 1303                       /dev/nvidiactl
7f7f74bfc000-7f7f76c00000 rw-p 00000000 00:00 0 
7f7f76c00000-7f7f76c03000 r--p 00000000 103:03 119320815                 /usr/lib/libopus.so.0.11.1
7f7f76c03000-7f7f76c78000 r-xp 00003000 103:03 119320815                 /usr/lib/libopus.so.0.11.1
7f7f76c78000-7f7f76ff4000 r--p 00078000 103:03 119320815                 /usr/lib/libopus.so.0.11.1
7f7f76ff4000-7f7f76ff8000 r--p 003f3000 103:03 119320815                 /usr/lib/libopus.so.0.11.1
7f7f76ff8000-7f7f76ff9000 rw-p 003f7000 103:03 119320815                 /usr/lib/libopus.so.0.11.1
7f7f76ffb000-7f7f76ffe000 rw-s 00000000 00:07 1303                       /dev/nvidiactl
7f7f76ffe000-7f7f78000000 rw-p 00000000 00:00 0 
7f7f78000000-7f7f783f7000 rw-p 00000000 00:00 0 
7f7f783f7000-7f7f7c000000 ---p 00000000 00:00 0 
7f7f7c000000-7f7f7c021000 rw-p 00000000 00:00 0 
7f7f7c021000-7f7f80000000 ---p 00000000 00:00 0 
7f7f80000000-7f7f8005c000 rw-p 00000000 00:00 0 
7f7f8005c000-7f7f84000000 ---p 00000000 00:00 0 
7f7f84000000-7f7f8443b000 rw-p 00000000 00:00 0 
7f7f8443b000-7f7f88000000 ---p 00000000 00:00 0 
7f7f88000000-7f7f88400000 rw-p 00000000 00:00 0 
7f7f88400000-7f7f885e0000 rw-p 00000000 00:00 0 
7f7f885e0000-7f7f88600000 ---p 00000000 00:00 0 
7f7f88600000-7f7f886a0000 rw-p 00000000 00:00 0 
7f7f886a0000-7f7f8c000000 ---p 00000000 00:00 0 
7f7f8c000000-7f7f8c021000 rw-p 00000000 00:00 0 
7f7f8c021000-7f7f90000000 ---p 00000000 00:00 0 
7f7f90002000-7f7f90022000 rw-s 00000000 00:07 1303                       /dev/nvidiactl
7f7f90022000-7f7f90025000 r--p 00000000 103:03 119307787                 /usr/lib/libnvidia-allocator.so.610.57.04
7f7f90025000-7f7f90039000 r-xp 00003000 103:03 119307787                 /usr/lib/libnvidia-allocator.so.610.57.04
7f7f90039000-7f7f90043000 r--p 00017000 103:03 119307787                 /usr/lib/libnvidia-allocator.so.610.57.04
7f7f90043000-7f7f90044000 r--p 00020000 103:03 119307787                 /usr/lib/libnvidia-allocator.so.610.57.04
7f7f90044000-7f7f90045000 rw-p 00021000 103:03 119307787                 /usr/lib/libnvidia-allocator.so.610.57.04
7f7f90045000-7f7f90047000 rw-p 00000000 00:00 0 
7f7f90047000-7f7f9004c000 r--p 00000000 103:03 119307853                 /usr/lib/libdrm.so.2.134.0
7f7f9004c000-7f7f90058000 r-xp 00005000 103:03 119307853                 /usr/lib/libdrm.so.2.134.0
7f7f90058000-7f7f9005c000 r--p 00011000 103:03 119307853                 /usr/lib/libdrm.so.2.134.0
7f7f9005c000-7f7f9005d000 r--p 00015000 103:03 119307853                 /usr/lib/libdrm.so.2.134.0
7f7f9005d000-7f7f9005e000 rw-p 00016000 103:03 119307853                 /usr/lib/libdrm.so.2.134.0
7f7f9005e000-7f7f9006e000 rw-s 00000000 00:07 1305                       /dev/nvidia0
7f7f9006e000-7f7f90071000 r--p 00000000 103:03 119305092                 /usr/lib/libxcb-xfixes.so.0.0.0
7f7f90071000-7f7f90074000 r-xp 00003000 103:03 119305092                 /usr/lib/libxcb-xfixes.so.0.0.0
7f7f90074000-7f7f90075000 r--p 00006000 103:03 119305092                 /usr/lib/libxcb-xfixes.so.0.0.0
7f7f90075000-7f7f90076000 r--p 00007000 103:03 119305092                 /usr/lib/libxcb-xfixes.so.0.0.0
7f7f90076000-7f7f90077000 rw-p 00008000 103:03 119305092                 /usr/lib/libxcb-xfixes.so.0.0.0
7f7f90077000-7f7f9007e000 r--p 00000000 103:03 119305065                 /usr/lib/libxcb-randr.so.0.1.0
7f7f9007e000-7f7f90084000 r-xp 00007000 103:03 119305065                 /usr/lib/libxcb-randr.so.0.1.0
7f7f90084000-7f7f90087000 r--p 0000d000 103:03 119305065                 /usr/lib/libxcb-randr.so.0.1.0
7f7f90087000-7f7f90088000 r--p 00010000 103:03 119305065                 /usr/lib/libxcb-randr.so.0.1.0
7f7f90088000-7f7f90089000 rw-p 00011000 103:03 119305065                 /usr/lib/libxcb-randr.so.0.1.0
7f7f90089000-7f7f90095000 r--p 00000000 103:03 119305059                 /usr/lib/libxcb-glx.so.0.0.0
7f7f90095000-7f7f9009e000 r-xp 0000c000 103:03 119305059                 /usr/lib/libxcb-glx.so.0.0.0
7f7f9009e000-7f7f900a3000 r--p 00015000 103:03 119305059                 /usr/lib/libxcb-glx.so.0.0.0
7f7f900a3000-7f7f900a5000 r--p 0001a000 103:03 119305059                 /usr/lib/libxcb-glx.so.0.0.0
7f7f900a5000-7f7f900a6000 rw-p 0001c000 103:03 119305059                 /usr/lib/libxcb-glx.so.0.0.0
7f7f900a6000-7f7f900b6000 r--p 00000000 103:03 119307825                 /usr/lib/libnvidia-glsi.so.610.57.04
7f7f900b6000-7f7f90116000 r-xp 00010000 103:03 119307825                 /usr/lib/libnvidia-glsi.so.610.57.04
7f7f90116000-7f7f90133000 r--p 00070000 103:03 119307825                 /usr/lib/libnvidia-glsi.so.610.57.04
7f7f90133000-7f7f90139000 r--p 0008c000 103:03 119307825                 /usr/lib/libnvidia-glsi.so.610.57.04
7f7f90139000-7f7f9013a000 rw-p 00092000 103:03 119307825                 /usr/lib/libnvidia-glsi.so.610.57.04
7f7f9013a000-7f7f90142000 rw-p 00000000 00:00 0 
7f7f90142000-7f7f90193000 r--p 00000000 103:03 119307754                 /usr/lib/libGLX_nvidia.so.610.57.04
7f7f90193000-7f7f901f0000 r-xp 00051000 103:03 119307754                 /usr/lib/libGLX_nvidia.so.610.57.04
7f7f901f0000-7f7f90225000 rwxp 000ae000 103:03 119307754                 /usr/lib/libGLX_nvidia.so.610.57.04
7f7f90225000-7f7f90226000 r-xp 000e3000 103:03 119307754                 /usr/lib/libGLX_nvidia.so.610.57.04
7f7f90226000-7f7f90246000 r--p 000e4000 103:03 119307754                 /usr/lib/libGLX_nvidia.so.610.57.04
7f7f90246000-7f7f90266000 r--p 00103000 103:03 119307754                 /usr/lib/libGLX_nvidia.so.610.57.04
7f7f90266000-7f7f9026b000 rw-p 00123000 103:03 119307754                 /usr/lib/libGLX_nvidia.so.610.57.04
7f7f9026b000-7f7f9026d000 rw-p 00000000 00:00 0 
7f7f9026d000-7f7f9026f000 r--p 00000000 103:03 119317446                 /usr/lib/libGLX.so.0.0.0
7f7f9026f000-7f7f90289000 r-xp 00002000 103:03 119317446                 /usr/lib/libGLX.so.0.0.0
7f7f90289000-7f7f9028c000 r--p 0001c000 103:03 119317446                 /usr/lib/libGLX.so.0.0.0
7f7f9028c000-7f7f9028d000 r--p 0001f000 103:03 119317446                 /usr/lib/libGLX.so.0.0.0
7f7f9028d000-7f7f9028e000 rw-p 00020000 103:03 119317446                 /usr/lib/libGLX.so.0.0.0
7f7f9028e000-7f7f9029e000 rw-p 00000000 00:00 0 
7f7f9029e000-7f7f902a0000 r--p 00000000 103:03 119317449                 /usr/lib/libGLdispatch.so.0.0.0
7f7f902a0000-7f7f902a3000 r-xp 00002000 103:03 119317449                 /usr/lib/libGLdispatch.so.0.0.0
7f7f902a3000-7f7f902de000 r-xp 00005000 103:03 119317449                 /usr/lib/libGLdispatch.so.0.0.0
7f7f902de000-7f7f902df000 r-xp 00040000 103:03 119317449                 /usr/lib/libGLdispatch.so.0.0.0
7f7f902df000-7f7f902f2000 r--p 00041000 103:03 119317449                 /usr/lib/libGLdispatch.so.0.0.0
7f7f902f2000-7f7f9030e000 r--p 00054000 103:03 119317449                 /usr/lib/libGLdispatch.so.0.0.0
7f7f9030e000-7f7f9030f000 rw-p 00070000 103:03 119317449                 /usr/lib/libGLdispatch.so.0.0.0
7f7f9030f000-7f7f90317000 rw-p 00000000 00:00 0 
7f7f90317000-7f7f90346000 r--p 00000000 103:03 119317440                 /usr/lib/libGL.so.1.7.0
7f7f90346000-7f7f90349000 r-xp 0002f000 103:03 119317440                 /usr/lib/libGL.so.1.7.0
7f7f90349000-7f7f90364000 r-xp 00032000 103:03 119317440                 /usr/lib/libGL.so.1.7.0
7f7f90364000-7f7f90365000 r-xp 0004d000 103:03 119317440                 /usr/lib/libGL.so.1.7.0
7f7f90365000-7f7f90379000 r--p 0004e000 103:03 119317440                 /usr/lib/libGL.so.1.7.0
7f7f90379000-7f7f90387000 r--p 00062000 103:03 119317440                 /usr/lib/libGL.so.1.7.0
7f7f90387000-7f7f90388000 rw-p 00070000 103:03 119317440                 /usr/lib/libGL.so.1.7.0
7f7f90388000-7f7f90389000 rw-p 00000000 00:00 0 
7f7f90389000-7f7f9038c000 r--p 00000000 103:03 119831055                 /usr/lib/pipewire-0.3/libpipewire-module-client-node.so
7f7f9038c000-7f7f903a7000 r-xp 00003000 103:03 119831055                 /usr/lib/pipewire-0.3/libpipewire-module-client-node.so
7f7f903a7000-7f7f903ac000 r--p 0001e000 103:03 119831055                 /usr/lib/pipewire-0.3/libpipewire-module-client-node.so
7f7f903ac000-7f7f903ae000 r--p 00022000 103:03 119831055                 /usr/lib/pipewire-0.3/libpipewire-module-client-node.so
7f7f903ae000-7f7f903af000 rw-p 00024000 103:03 119831055                 /usr/lib/pipewire-0.3/libpipewire-module-client-node.so
7f7f903af000-7f7f903b2000 r--p 00000000 103:03 119831113                 /usr/lib/pipewire-0.3/libpipewire-module-protocol-native.so
7f7f903b2000-7f7f903d0000 r-xp 00003000 103:03 119831113                 /usr/lib/pipewire-0.3/libpipewire-module-protocol-native.so
7f7f903d0000-7f7f903db000 r--p 00021000 103:03 119831113                 /usr/lib/pipewire-0.3/libpipewire-module-protocol-native.so
7f7f903db000-7f7f903e6000 r--p 0002c000 103:03 119831113                 /usr/lib/pipewire-0.3/libpipewire-module-protocol-native.so
7f7f903e6000-7f7f903e7000 rw-p 00037000 103:03 119831113                 /usr/lib/pipewire-0.3/libpipewire-module-protocol-native.so
7f7f903e7000-7f7f903ec000 r--p 00000000 103:03 119312879                 /usr/lib/libmp3lame.so.0.0.0
7f7f903ec000-7f7f90415000 r-xp 00005000 103:03 119312879                 /usr/lib/libmp3lame.so.0.0.0
7f7f90415000-7f7f90422000 r--p 0002e000 103:03 119312879                 /usr/lib/libmp3lame.so.0.0.0
7f7f90422000-7f7f90423000 r--p 0003b000 103:03 119312879                 /usr/lib/libmp3lame.so.0.0.0
7f7f90423000-7f7f90424000 rw-p 0003c000 103:03 119312879                 /usr/lib/libmp3lame.so.0.0.0
7f7f90424000-7f7f90435000 rw-p 00000000 00:00 0 
7f7f90435000-7f7f90439000 r--p 00000000 103:03 119320796                 /usr/lib/libmpg123.so.0.49.4
7f7f90439000-7f7f90477000 r-xp 00004000 103:03 119320796                 /usr/lib/libmpg123.so.0.49.4
7f7f90477000-7f7f90492000 r--p 00042000 103:03 119320796                 /usr/lib/libmpg123.so.0.49.4
7f7f90492000-7f7f90493000 r--p 0005d000 103:03 119320796                 /usr/lib/libmpg123.so.0.49.4
7f7f90493000-7f7f90494000 rw-p 0005e000 103:03 119320796                 /usr/lib/libmpg123.so.0.49.4
7f7f90494000-7f7f9049d000 r--p 00000000 103:03 119320761                 /usr/lib/libFLAC.so.14.0.0
7f7f9049d000-7f7f904d3000 r-xp 00009000 103:03 119320761                 /usr/lib/libFLAC.so.14.0.0
7f7f904d3000-7f7f904db000 r--p 0003f000 103:03 119320761                 /usr/lib/libFLAC.so.14.0.0
7f7f904db000-7f7f904dc000 r--p 00047000 103:03 119320761                 /usr/lib/libFLAC.so.14.0.0
7f7f904dc000-7f7f904dd000 rw-p 00048000 103:03 119320761                 /usr/lib/libFLAC.so.14.0.0
7f7f904dd000-7f7f904de000 r--p 00000000 103:03 119320780                 /usr/lib/libvorbisenc.so.2.0.12
7f7f904de000-7f7f904e1000 r-xp 00001000 103:03 119320780                 /usr/lib/libvorbisenc.so.2.0.12
7f7f904e1000-7f7f90558000 r--p 00004000 103:03 119320780                 /usr/lib/libvorbisenc.so.2.0.12
7f7f90558000-7f7f90574000 r--p 0007a000 103:03 119320780                 /usr/lib/libvorbisenc.so.2.0.12
7f7f90574000-7f7f90575000 rw-p 00096000 103:03 119320780                 /usr/lib/libvorbisenc.so.2.0.12
7f7f90575000-7f7f9057a000 r--p 00000000 103:03 119320830                 /usr/lib/libsndfile.so.1.0.37
7f7f9057a000-7f7f905e0000 r-xp 00005000 103:03 119320830                 /usr/lib/libsndfile.so.1.0.37
7f7f905e0000-7f7f905f9000 r--p 0006b000 103:03 119320830                 /usr/lib/libsndfile.so.1.0.37
7f7f905f9000-7f7f905fc000 r--p 00084000 103:03 119320830                 /usr/lib/libsndfile.so.1.0.37
7f7f905fc000-7f7f905fd000 rw-p 00087000 103:03 119320830                 /usr/lib/libsndfile.so.1.0.37
7f7f905fd000-7f7f905ff000 rw-p 00000000 00:00 0 
7f7f905ff000-7f7f90e00000 rw-p 00000000 00:00 0 
7f7f90e00000-7f7f90eed000 r-xp 00000000 00:2c 173                        /tmp/lwjgljonny/3.3.1-build-7/libopenal.so
7f7f90eed000-7f7f910ec000 ---p 000ed000 00:2c 173                        /tmp/lwjgljonny/3.3.1-build-7/libopenal.so
7f7f910ec000-7f7f910f1000 r--p 000ec000 00:2c 173                        /tmp/lwjgljonny/3.3.1-build-7/libopenal.so
7f7f910f1000-7f7f910f2000 rw-p 000f1000 00:2c 173                        /tmp/lwjgljonny/3.3.1-build-7/libopenal.so
7f7f910f2000-7f7f9116f000 rw-p 00000000 00:00 0 
7f7f9116f000-7f7f91170000 rw-s 00000000 00:07 1305                       /dev/nvidia0
7f7f91170000-7f7f91173000 r--p 00000000 103:03 119305086                 /usr/lib/libxcb-sync.so.1.0.0
7f7f91173000-7f7f91176000 r-xp 00003000 103:03 119305086                 /usr/lib/libxcb-sync.so.1.0.0
7f7f91176000-7f7f91177000 r--p 00006000 103:03 119305086                 /usr/lib/libxcb-sync.so.1.0.0
7f7f91177000-7f7f91178000 r--p 00007000 103:03 119305086                 /usr/lib/libxcb-sync.so.1.0.0
7f7f91178000-7f7f91179000 rw-p 00008000 103:03 119305086                 /usr/lib/libxcb-sync.so.1.0.0
7f7f91179000-7f7f9117b000 r--p 00000000 103:03 119305056                 /usr/lib/libxcb-dri3.so.0.1.0
7f7f9117b000-7f7f9117d000 r-xp 00002000 103:03 119305056                 /usr/lib/libxcb-dri3.so.0.1.0
7f7f9117d000-7f7f9117e000 r--p 00004000 103:03 119305056                 /usr/lib/libxcb-dri3.so.0.1.0
7f7f9117e000-7f7f9117f000 r--p 00004000 103:03 119305056                 /usr/lib/libxcb-dri3.so.0.1.0
7f7f9117f000-7f7f91180000 rw-p 00005000 103:03 119305056                 /usr/lib/libxcb-dri3.so.0.1.0
7f7f91180000-7f7f91194000 r--p 00000000 103:03 119811401                 /usr/lib/pulseaudio/libpulsecommon-17.0.so
7f7f91194000-7f7f911de000 r-xp 00014000 103:03 119811401                 /usr/lib/pulseaudio/libpulsecommon-17.0.so
7f7f911de000-7f7f911fd000 r--p 0005e000 103:03 119811401                 /usr/lib/pulseaudio/libpulsecommon-17.0.so
7f7f911fd000-7f7f911ff000 r--p 0007d000 103:03 119811401                 /usr/lib/pulseaudio/libpulsecommon-17.0.so
7f7f911ff000-7f7f91200000 rw-p 0007f000 103:03 119811401                 /usr/lib/pulseaudio/libpulsecommon-17.0.so
7f7f91200000-7f7f91257000 r-xp 00000000 00:2c 172                        /tmp/lwjgljonny/3.3.1-build-7/libglfw.so
7f7f91257000-7f7f91456000 ---p 00057000 00:2c 172                        /tmp/lwjgljonny/3.3.1-build-7/libglfw.so
7f7f91456000-7f7f91459000 r--p 00056000 00:2c 172                        /tmp/lwjgljonny/3.3.1-build-7/libglfw.so
7f7f91459000-7f7f9145b000 rw-p 00059000 00:2c 172                        /tmp/lwjgljonny/3.3.1-build-7/libglfw.so
7f7f9145b000-7f7f9147e000 rw-p 00000000 00:00 0 
7f7f9147e000-7f7f91480000 rw-s 00000000 00:07 1303                       /dev/nvidiactl
7f7f91480000-7f7f91484000 rw-s 00000000 00:07 1303                       /dev/nvidiactl
7f7f91484000-7f7f91485000 r--p 00000000 103:03 119336018                 /usr/lib/libnvidia-tls.so.610.57.04
7f7f91485000-7f7f91487000 r-xp 00001000 103:03 119336018                 /usr/lib/libnvidia-tls.so.610.57.04
7f7f91487000-7f7f91488000 r--p 00003000 103:03 119336018                 /usr/lib/libnvidia-tls.so.610.57.04
7f7f91488000-7f7f91489000 r--p 00003000 103:03 119336018                 /usr/lib/libnvidia-tls.so.610.57.04
7f7f91489000-7f7f9148a000 rw-p 00004000 103:03 119336018                 /usr/lib/libnvidia-tls.so.610.57.04
7f7f9148a000-7f7f9148d000 r--p 00000000 103:03 119320777                 /usr/lib/libvorbis.so.0.4.9
7f7f9148d000-7f7f914a5000 r-xp 00003000 103:03 119320777                 /usr/lib/libvorbis.so.0.4.9
7f7f914a5000-7f7f914b6000 r--p 0001b000 103:03 119320777                 /usr/lib/libvorbis.so.0.4.9
7f7f914b6000-7f7f914b7000 r--p 0002b000 103:03 119320777                 /usr/lib/libvorbis.so.0.4.9
7f7f914b7000-7f7f914b8000 rw-p 0002c000 103:03 119320777                 /usr/lib/libvorbis.so.0.4.9
7f7f914b8000-7f7f914cd000 r--p 00000000 103:03 119290251                 /usr/lib/libsystemd.so.0.44.0
7f7f914cd000-7f7f915a6000 r-xp 00015000 103:03 119290251                 /usr/lib/libsystemd.so.0.44.0
7f7f915a6000-7f7f915f5000 r--p 000ee000 103:03 119290251                 /usr/lib/libsystemd.so.0.44.0
7f7f915f5000-7f7f915fe000 r--p 0013c000 103:03 119290251                 /usr/lib/libsystemd.so.0.44.0
7f7f915fe000-7f7f915ff000 rw-p 00145000 103:03 119290251                 /usr/lib/libsystemd.so.0.44.0
7f7f915ff000-7f7f91600000 rw-p 00000000 00:00 0 
7f7f91600000-7f7f91e00000 rw-p 00000000 00:00 0 
7f7f91e00000-7f7f91e55000 r-xp 00000000 00:2c 171                        /tmp/lwjgljonny/3.3.1-build-7/libjemalloc.so
7f7f91e55000-7f7f92055000 ---p 00055000 00:2c 171                        /tmp/lwjgljonny/3.3.1-build-7/libjemalloc.so
7f7f92055000-7f7f9205a000 r--p 00055000 00:2c 171                        /tmp/lwjgljonny/3.3.1-build-7/libjemalloc.so
7f7f9205a000-7f7f9205b000 rw-p 0005a000 00:2c 171                        /tmp/lwjgljonny/3.3.1-build-7/libjemalloc.so
7f7f9205b000-7f7f9226d000 rw-p 00000000 00:00 0 
7f7f9226d000-7f7f9226e000 rw-s 00000000 00:07 1303                       /dev/nvidiactl
7f7f9226e000-7f7f92272000 rw-s 00000000 00:07 1303                       /dev/nvidiactl
7f7f92272000-7f7f9227b000 rw-s 00008000 00:01 38257                      /memfd:pipewire-memfd:flags=0x0000000f,type=2,size=65664 (deleted)
7f7f9227b000-7f7f92284000 rw-s 00000000 00:01 38257                      /memfd:pipewire-memfd:flags=0x0000000f,type=2,size=65664 (deleted)
7f7f92284000-7f7f9228d000 rw-s 00008000 00:01 38256                      /memfd:pipewire-memfd:flags=0x0000000f,type=2,size=65664 (deleted)
7f7f9228d000-7f7f9229b000 r--p 00000000 103:03 119300745                 /usr/lib/libdbus-1.so.3.38.3
7f7f9229b000-7f7f922cc000 r-xp 0000e000 103:03 119300745                 /usr/lib/libdbus-1.so.3.38.3
7f7f922cc000-7f7f922dd000 r--p 0003f000 103:03 119300745                 /usr/lib/libdbus-1.so.3.38.3
7f7f922dd000-7f7f922df000 r--p 0004f000 103:03 119300745                 /usr/lib/libdbus-1.so.3.38.3
7f7f922df000-7f7f922e0000 rw-p 00051000 103:03 119300745                 /usr/lib/libdbus-1.so.3.38.3
7f7f922e0000-7f7f922ec000 r--p 00000000 103:03 119307468                 /usr/lib/libpulse.so.0.24.3
7f7f922ec000-7f7f9231c000 r-xp 0000c000 103:03 119307468                 /usr/lib/libpulse.so.0.24.3
7f7f9231c000-7f7f9232d000 r--p 0003c000 103:03 119307468                 /usr/lib/libpulse.so.0.24.3
7f7f9232d000-7f7f9232f000 r--p 0004c000 103:03 119307468                 /usr/lib/libpulse.so.0.24.3
7f7f9232f000-7f7f92330000 rw-p 0004e000 103:03 119307468                 /usr/lib/libpulse.so.0.24.3
7f7f92330000-7f7f9233d000 r--p 00000000 103:03 119312854                 /usr/lib/libpipewire-0.3.so.0.1608.0
7f7f9233d000-7f7f923c4000 r-xp 0000d000 103:03 119312854                 /usr/lib/libpipewire-0.3.so.0.1608.0
7f7f923c4000-7f7f923e2000 r--p 00094000 103:03 119312854                 /usr/lib/libpipewire-0.3.so.0.1608.0
7f7f923e2000-7f7f923fe000 r--p 000b2000 103:03 119312854                 /usr/lib/libpipewire-0.3.so.0.1608.0
7f7f923fe000-7f7f923ff000 rw-p 000ce000 103:03 119312854                 /usr/lib/libpipewire-0.3.so.0.1608.0
7f7f923ff000-7f7f92400000 rw-p 00000000 00:00 0 
7f7f92400000-7f7f9246b000 r-xp 00000000 00:2c 170                        /tmp/lwjgljonny/3.3.1-build-7/liblwjgl.so
7f7f9246b000-7f7f9266a000 ---p 0006b000 00:2c 170                        /tmp/lwjgljonny/3.3.1-build-7/liblwjgl.so
7f7f9266a000-7f7f9266b000 r--p 0006a000 00:2c 170                        /tmp/lwjgljonny/3.3.1-build-7/liblwjgl.so
7f7f9266b000-7f7f9266c000 rw-p 0006b000 00:2c 170                        /tmp/lwjgljonny/3.3.1-build-7/liblwjgl.so
7f7f9266c000-7f7f9266e000 rw-s 00000000 00:01 42619                      /memfd:/.glXXXXXX (deleted)
7f7f9266e000-7f7f9266f000 rw-s 00000000 00:07 1303                       /dev/nvidiactl
7f7f9266f000-7f7f92678000 rw-s 00000000 00:01 38256                      /memfd:pipewire-memfd:flags=0x0000000f,type=2,size=65664 (deleted)
7f7f92678000-7f7f9267a000 r--p 00000000 103:03 119831097                 /usr/lib/pipewire-0.3/libpipewire-module-metadata.so
7f7f9267a000-7f7f92683000 r-xp 00002000 103:03 119831097                 /usr/lib/pipewire-0.3/libpipewire-module-metadata.so
7f7f92683000-7f7f92685000 r--p 0000b000 103:03 119831097                 /usr/lib/pipewire-0.3/libpipewire-module-metadata.so
7f7f92685000-7f7f92686000 r--p 0000c000 103:03 119831097                 /usr/lib/pipewire-0.3/libpipewire-module-metadata.so
7f7f92686000-7f7f92687000 rw-p 0000d000 103:03 119831097                 /usr/lib/pipewire-0.3/libpipewire-module-metadata.so
7f7f92687000-7f7f92689000 r--p 00000000 103:03 119831114                 /usr/lib/pipewire-0.3/libpipewire-module-rt.so
7f7f92689000-7f7f9268d000 r-xp 00002000 103:03 119831114                 /usr/lib/pipewire-0.3/libpipewire-module-rt.so
7f7f9268d000-7f7f9268f000 r--p 00006000 103:03 119831114                 /usr/lib/pipewire-0.3/libpipewire-module-rt.so
7f7f9268f000-7f7f92690000 r--p 00007000 103:03 119831114                 /usr/lib/pipewire-0.3/libpipewire-module-rt.so
7f7f92690000-7f7f92691000 rw-p 00008000 103:03 119831114                 /usr/lib/pipewire-0.3/libpipewire-module-rt.so
7f7f92691000-7f7f92693000 r--p 00000000 103:03 119831142                 /usr/lib/spa-0.2/support/libspa-support.so
7f7f92693000-7f7f926af000 r-xp 00002000 103:03 119831142                 /usr/lib/spa-0.2/support/libspa-support.so
7f7f926af000-7f7f926b5000 r--p 0001e000 103:03 119831142                 /usr/lib/spa-0.2/support/libspa-support.so
7f7f926b5000-7f7f926bd000 r--p 00024000 103:03 119831142                 /usr/lib/spa-0.2/support/libspa-support.so
7f7f926bd000-7f7f926be000 rw-p 0002c000 103:03 119831142                 /usr/lib/spa-0.2/support/libspa-support.so
7f7f926be000-7f7f926d5000 r--p 00000000 103:03 119315950                 /usr/lib/libX11.so.6.4.0
7f7f926d5000-7f7f9276a000 r-xp 00017000 103:03 119315950                 /usr/lib/libX11.so.6.4.0
7f7f9276a000-7f7f927f9000 r--p 000ac000 103:03 119315950                 /usr/lib/libX11.so.6.4.0
7f7f927f9000-7f7f927fc000 r--p 0013a000 103:03 119315950                 /usr/lib/libX11.so.6.4.0
7f7f927fc000-7f7f92800000 rw-p 0013d000 103:03 119315950                 /usr/lib/libX11.so.6.4.0
7f7f92800000-7f7f92821000 r-xp 00000000 00:2c 166                        /tmp/libgdxjonny/2d27742a/libgdx64.so
7f7f92821000-7f7f92a20000 ---p 00021000 00:2c 166                        /tmp/libgdxjonny/2d27742a/libgdx64.so
7f7f92a20000-7f7f92a21000 r--p 00020000 00:2c 166                        /tmp/libgdxjonny/2d27742a/libgdx64.so
7f7f92a21000-7f7f92a22000 rw-p 00021000 00:2c 166                        /tmp/libgdxjonny/2d27742a/libgdx64.so
7f7f92a22000-7f7f92a23000 r--p 00000000 103:03 119305062                 /usr/lib/libxcb-present.so.0.0.0
7f7f92a23000-7f7f92a24000 r-xp 00001000 103:03 119305062                 /usr/lib/libxcb-present.so.0.0.0
7f7f92a24000-7f7f92a25000 r--p 00002000 103:03 119305062                 /usr/lib/libxcb-present.so.0.0.0
7f7f92a25000-7f7f92a26000 r--p 00002000 103:03 119305062                 /usr/lib/libxcb-present.so.0.0.0
7f7f92a26000-7f7f92a27000 rw-p 00003000 103:03 119305062                 /usr/lib/libxcb-present.so.0.0.0
7f7f92a27000-7f7f92a28000 r--p 00000000 103:03 119831140                 /usr/lib/spa-0.2/support/libspa-dbus.so
7f7f92a28000-7f7f92a2b000 r-xp 00001000 103:03 119831140                 /usr/lib/spa-0.2/support/libspa-dbus.so
7f7f92a2b000-7f7f92a2c000 r--p 00004000 103:03 119831140                 /usr/lib/spa-0.2/support/libspa-dbus.so
7f7f92a2c000-7f7f92a2d000 r--p 00004000 103:03 119831140                 /usr/lib/spa-0.2/support/libspa-dbus.so
7f7f92a2d000-7f7f92a2e000 rw-p 00005000 103:03 119831140                 /usr/lib/spa-0.2/support/libspa-dbus.so
7f7f92a2e000-7f7f92a30000 r--p 00000000 103:03 119320751                 /usr/lib/libogg.so.0.8.6
7f7f92a30000-7f7f92a33000 r-xp 00002000 103:03 119320751                 /usr/lib/libogg.so.0.8.6
7f7f92a33000-7f7f92a36000 r--p 00005000 103:03 119320751                 /usr/lib/libogg.so.0.8.6
7f7f92a36000-7f7f92a37000 r--p 00008000 103:03 119320751                 /usr/lib/libogg.so.0.8.6
7f7f92a37000-7f7f92a38000 rw-p 00009000 103:03 119320751                 /usr/lib/libogg.so.0.8.6
7f7f92a38000-7f7f92a3a000 r--p 00000000 103:03 119321104                 /usr/lib/libasyncns.so.0.3.1
7f7f92a3a000-7f7f92a3d000 r-xp 00002000 103:03 119321104                 /usr/lib/libasyncns.so.0.3.1
7f7f92a3d000-7f7f92a3e000 r--p 00005000 103:03 119321104                 /usr/lib/libasyncns.so.0.3.1
7f7f92a3e000-7f7f92a3f000 r--p 00005000 103:03 119321104                 /usr/lib/libasyncns.so.0.3.1
7f7f92a3f000-7f7f92a40000 rw-p 00006000 103:03 119321104                 /usr/lib/libasyncns.so.0.3.1
7f7f92a40000-7f7f92a41000 r--p 00000000 103:03 119831141                 /usr/lib/spa-0.2/support/libspa-journal.so
7f7f92a41000-7f7f92a43000 r-xp 00001000 103:03 119831141                 /usr/lib/spa-0.2/support/libspa-journal.so
7f7f92a43000-7f7f92a44000 r--p 00003000 103:03 119831141                 /usr/lib/spa-0.2/support/libspa-journal.so
7f7f92a44000-7f7f92a45000 r--p 00003000 103:03 119831141                 /usr/lib/spa-0.2/support/libspa-journal.so
7f7f92a45000-7f7f92a46000 rw-p 00004000 103:03 119831141                 /usr/lib/spa-0.2/support/libspa-journal.so
7f7f92a46000-7f7f92a4c000 r--p 00000000 103:03 119283518                 /usr/lib/libjack.so.0.3.1608
7f7f92a4c000-7f7f92a78000 r-xp 00006000 103:03 119283518                 /usr/lib/libjack.so.0.3.1608
7f7f92a78000-7f7f92a81000 r--p 00032000 103:03 119283518                 /usr/lib/libjack.so.0.3.1608
7f7f92a81000-7f7f92a82000 r--p 0003a000 103:03 119283518                 /usr/lib/libjack.so.0.3.1608
7f7f92a82000-7f7f92a83000 rw-p 0003b000 103:03 119283518                 /usr/lib/libjack.so.0.3.1608
7f7f92a83000-7f7f92a84000 r--p 00000000 103:03 119315945                 /usr/lib/libX11-xcb.so.1.0.0
7f7f92a84000-7f7f92a85000 r-xp 00001000 103:03 119315945                 /usr/lib/libX11-xcb.so.1.0.0
7f7f92a85000-7f7f92a86000 r--p 00002000 103:03 119315945                 /usr/lib/libX11-xcb.so.1.0.0
7f7f92a86000-7f7f92a87000 r--p 00002000 103:03 119315945                 /usr/lib/libX11-xcb.so.1.0.0
7f7f92a87000-7f7f92a88000 rw-p 00003000 103:03 119315945                 /usr/lib/libX11-xcb.so.1.0.0
7f7f92a88000-7f7f92a89000 r--p 00000000 103:03 119322373                 /usr/lib/libXinerama.so.1.0.0
7f7f92a89000-7f7f92a8a000 r-xp 00001000 103:03 119322373                 /usr/lib/libXinerama.so.1.0.0
7f7f92a8a000-7f7f92a8b000 r--p 00002000 103:03 119322373                 /usr/lib/libXinerama.so.1.0.0
7f7f92a8b000-7f7f92a8c000 r--p 00002000 103:03 119322373                 /usr/lib/libXinerama.so.1.0.0
7f7f92a8c000-7f7f92a8d000 rw-p 00003000 103:03 119322373                 /usr/lib/libXinerama.so.1.0.0
7f7f92a8d000-7f7f92a8f000 r--p 00000000 103:03 119318425                 /usr/lib/libXfixes.so.3.1.0
7f7f92a8f000-7f7f92a92000 r-xp 00002000 103:03 119318425                 /usr/lib/libXfixes.so.3.1.0
7f7f92a92000-7f7f92a93000 r--p 00005000 103:03 119318425                 /usr/lib/libXfixes.so.3.1.0
7f7f92a93000-7f7f92a94000 r--p 00005000 103:03 119318425                 /usr/lib/libXfixes.so.3.1.0
7f7f92a94000-7f7f92a95000 rw-p 00006000 103:03 119318425                 /usr/lib/libXfixes.so.3.1.0
7f7f92a95000-7f7f92a98000 r--p 00000000 103:03 119318446                 /usr/lib/libXcursor.so.1.0.2
7f7f92a98000-7f7f92a9e000 r-xp 00003000 103:03 119318446                 /usr/lib/libXcursor.so.1.0.2
7f7f92a9e000-7f7f92aa0000 r--p 00009000 103:03 119318446                 /usr/lib/libXcursor.so.1.0.2
7f7f92aa0000-7f7f92aa1000 r--p 0000a000 103:03 119318446                 /usr/lib/libXcursor.so.1.0.2
7f7f92aa1000-7f7f92aa2000 rw-p 0000b000 103:03 119318446                 /usr/lib/libXcursor.so.1.0.2
7f7f92aa2000-7f7f92aa4000 r--p 00000000 103:03 119316825                 /usr/lib/libXrender.so.1.3.0
7f7f92aa4000-7f7f92aab000 r-xp 00002000 103:03 119316825                 /usr/lib/libXrender.so.1.3.0
7f7f92aab000-7f7f92aac000 r--p 00009000 103:03 119316825                 /usr/lib/libXrender.so.1.3.0
7f7f92aac000-7f7f92aad000 r--p 00009000 103:03 119316825                 /usr/lib/libXrender.so.1.3.0
7f7f92aad000-7f7f92aae000 rw-p 0000a000 103:03 119316825                 /usr/lib/libXrender.so.1.3.0
7f7f92aae000-7f7f92ab0000 r--p 00000000 103:03 119319007                 /usr/lib/libXrandr.so.2.2.0
7f7f92ab0000-7f7f92ab7000 r-xp 00002000 103:03 119319007                 /usr/lib/libXrandr.so.2.2.0
7f7f92ab7000-7f7f92ab9000 r--p 00009000 103:03 119319007                 /usr/lib/libXrandr.so.2.2.0
7f7f92ab9000-7f7f92aba000 r--p 0000a000 103:03 119319007                 /usr/lib/libXrandr.so.2.2.0
7f7f92aba000-7f7f92abb000 rw-p 0000b000 103:03 119319007                 /usr/lib/libXrandr.so.2.2.0
7f7f92abb000-7f7f92abe000 r--p 00000000 103:03 119320361                 /usr/lib/libXi.so.6.1.0
7f7f92abe000-7f7f92acb000 r-xp 00003000 103:03 119320361                 /usr/lib/libXi.so.6.1.0
7f7f92acb000-7f7f92ace000 r--p 00010000 103:03 119320361                 /usr/lib/libXi.so.6.1.0
7f7f92ace000-7f7f92acf000 r--p 00012000 103:03 119320361                 /usr/lib/libXi.so.6.1.0
7f7f92acf000-7f7f92ad0000 rw-p 00013000 103:03 119320361                 /usr/lib/libXi.so.6.1.0
7f7f92ad0000-7f7f92adc000 r--p 00000000 103:03 119305113                 /usr/lib/libxcb.so.1.1.0
7f7f92adc000-7f7f92af0000 r-xp 0000c000 103:03 119305113                 /usr/lib/libxcb.so.1.1.0
7f7f92af0000-7f7f92af9000 r--p 00020000 103:03 119305113                 /usr/lib/libxcb.so.1.1.0
7f7f92af9000-7f7f92afa000 r--p 00028000 103:03 119305113                 /usr/lib/libxcb.so.1.1.0
7f7f92afa000-7f7f92afb000 rw-p 00029000 103:03 119305113                 /usr/lib/libxcb.so.1.1.0
7f7f92afb000-7f7f92afc000 rw-p 00000000 00:00 0 
7f7f92afc000-7f7f92b00000 ---p 00000000 00:00 0 
7f7f92b00000-7f7f92bfd000 rw-p 00000000 00:00 0 
7f7f92bfd000-7f7f92c01000 ---p 00000000 00:00 0 
7f7f92c01000-7f7f92cfe000 rw-p 00000000 00:00 0 
7f7f92cfe000-7f7f92d02000 ---p 00000000 00:00 0 
7f7f92d02000-7f7f92dff000 rw-p 00000000 00:00 0 
7f7f92dff000-7f7f92e03000 ---p 00000000 00:00 0 
7f7f92e03000-7f7f92f00000 rw-p 00000000 00:00 0 
7f7f92f00000-7f7f92f04000 ---p 00000000 00:00 0 
7f7f92f04000-7f7f93000000 rw-p 00000000 00:00 0 
7f7f93000000-7f7f93c9c000 rw-p 00001000 103:03 119440445                 /usr/lib/jvm/java-21-openjdk/lib/server/classes.jsa
7f7f93c9c000-7f7f94000000 ---p 00000000 00:00 0 
7f7f94000000-7f7f94020000 rw-p 00000000 00:00 0 
7f7f94020000-7f7f94040000 rw-p 00000000 00:00 0 
7f7f94040000-7f7f940a0000 rw-p 00000000 00:00 0 
7f7f940a0000-7f7fd4000000 ---p 00000000 00:00 0 
7f7fd4000000-7f7fd4227000 rw-p 00000000 00:00 0 
7f7fd4227000-7f7fd8000000 ---p 00000000 00:00 0 
7f7fd8000000-7f7fd8021000 rw-p 00000000 00:00 0 
7f7fd8021000-7f7fdc000000 ---p 00000000 00:00 0 
7f7fdc000000-7f7fdc021000 rw-p 00000000 00:00 0 
7f7fdc021000-7f7fe0000000 ---p 00000000 00:00 0 
7f7fe0000000-7f7fe0188000 rw-p 00000000 00:00 0 
7f7fe0188000-7f7fe4000000 ---p 00000000 00:00 0 
7f7fe4000000-7f7fe4021000 rw-p 00000000 00:00 0 
7f7fe4021000-7f7fe8000000 ---p 00000000 00:00 0 
7f7fe8000000-7f7fe8001000 rw-s 00000000 00:07 1305                       /dev/nvidia0
7f7fe8001000-7f7fe8003000 rw-s 00000000 00:07 1303                       /dev/nvidiactl
7f7fe8003000-7f7fe8004000 rw-s 00000000 00:07 1303                       /dev/nvidiactl
7f7fe8004000-7f7fe8008000 r--p 00000000 103:03 119316761                 /usr/lib/libXext.so.6.4.0
7f7fe8008000-7f7fe8013000 r-xp 00004000 103:03 119316761                 /usr/lib/libXext.so.6.4.0
7f7fe8013000-7f7fe8016000 r--p 0000f000 103:03 119316761                 /usr/lib/libXext.so.6.4.0
7f7fe8016000-7f7fe8017000 r--p 00011000 103:03 119316761                 /usr/lib/libXext.so.6.4.0
7f7fe8017000-7f7fe8018000 rw-p 00012000 103:03 119316761                 /usr/lib/libXext.so.6.4.0
7f7fe8018000-7f7fe8019000 rw-p 00000000 00:00 0 
7f7fe8019000-7f7fe801d000 ---p 00000000 00:00 0 
7f7fe801d000-7f7fe811a000 rw-p 00000000 00:00 0 
7f7fe811a000-7f7fe811e000 ---p 00000000 00:00 0 
7f7fe811e000-7f7fe821a000 rw-p 00000000 00:00 0 
7f7fe821a000-7f7fe821f000 r--p 00000000 103:03 119440421                 /usr/lib/jvm/java-21-openjdk/lib/libjsvml.so
7f7fe821f000-7f7fe8260000 r-xp 00005000 103:03 119440421                 /usr/lib/jvm/java-21-openjdk/lib/libjsvml.so
7f7fe8260000-7f7fe82e9000 r--p 00046000 103:03 119440421                 /usr/lib/jvm/java-21-openjdk/lib/libjsvml.so
7f7fe82e9000-7f7fe82ea000 r--p 000ce000 103:03 119440421                 /usr/lib/jvm/java-21-openjdk/lib/libjsvml.so
7f7fe82ea000-7f7fe82eb000 rw-p 000cf000 103:03 119440421                 /usr/lib/jvm/java-21-openjdk/lib/libjsvml.so
7f7fe82eb000-7f7fe82ec000 rw-p 00000000 00:00 0 
7f7fe82ec000-7f7fe82f0000 ---p 00000000 00:00 0 
7f7fe82f0000-7f7fe83ed000 rw-p 00000000 00:00 0 
7f7fe83ed000-7f7fe83f1000 ---p 00000000 00:00 0 
7f7fe83f1000-7f7fe84ee000 rw-p 00000000 00:00 0 
7f7fe84ee000-7f7fe84f2000 ---p 00000000 00:00 0 
7f7fe84f2000-7f7fe85ef000 rw-p 00000000 00:00 0 
7f7fe85ef000-7f7fe85f3000 ---p 00000000 00:00 0 
7f7fe85f3000-7f7fe86f0000 rw-p 00000000 00:00 0 
7f7fe86f0000-7f7fe86f4000 ---p 00000000 00:00 0 
7f7fe86f4000-7f7fe87f1000 rw-p 00000000 00:00 0 
7f7fe87f1000-7f7fe87f5000 ---p 00000000 00:00 0 
7f7fe87f5000-7f7fe88f2000 rw-p 00000000 00:00 0 
7f7fe88f2000-7f7fe88f6000 ---p 00000000 00:00 0 
7f7fe88f6000-7f7fe8df6000 rw-p 00000000 00:00 0 
7f7fe8df6000-7f7feb800000 rw-p 00000000 00:00 0 
7f7feb800000-7f7feb801000 rw-s 00000000 00:07 1303                       /dev/nvidiactl
7f7feb801000-7f7feb802000 r--s 00000000 00:07 1303                       /dev/nvidiactl
7f7feb802000-7f7feb803000 rw-s 00000000 00:01 25                         /memfd:pipewire-memfd:flags=0x0000000f,type=2,size=2312 (deleted)
7f7feb803000-7f7feb804000 r--p 00000000 103:03 119317288                 /usr/lib/libXxf86vm.so.1.0.0
7f7feb804000-7f7feb807000 r-xp 00001000 103:03 119317288                 /usr/lib/libXxf86vm.so.1.0.0
7f7feb807000-7f7feb808000 r--p 00004000 103:03 119317288                 /usr/lib/libXxf86vm.so.1.0.0
7f7feb808000-7f7feb809000 r--p 00004000 103:03 119317288                 /usr/lib/libXxf86vm.so.1.0.0
7f7feb809000-7f7feb80a000 rw-p 00005000 103:03 119317288                 /usr/lib/libXxf86vm.so.1.0.0
7f7feb80a000-7f7feb80c000 r--p 00000000 103:03 119313516                 /usr/lib/libXdmcp.so.6.0.0
7f7feb80c000-7f7feb80e000 r-xp 00002000 103:03 119313516                 /usr/lib/libXdmcp.so.6.0.0
7f7feb80e000-7f7feb810000 r--p 00004000 103:03 119313516                 /usr/lib/libXdmcp.so.6.0.0
7f7feb810000-7f7feb811000 r--p 00005000 103:03 119313516                 /usr/lib/libXdmcp.so.6.0.0
7f7feb811000-7f7feb812000 rw-p 00006000 103:03 119313516                 /usr/lib/libXdmcp.so.6.0.0
7f7feb812000-7f7feb813000 r--p 00000000 103:03 119313519                 /usr/lib/libXau.so.6.0.0
7f7feb813000-7f7feb814000 r-xp 00001000 103:03 119313519                 /usr/lib/libXau.so.6.0.0
7f7feb814000-7f7feb815000 r--p 00002000 103:03 119313519                 /usr/lib/libXau.so.6.0.0
7f7feb815000-7f7feb816000 r--p 00002000 103:03 119313519                 /usr/lib/libXau.so.6.0.0
7f7feb816000-7f7feb817000 rw-p 00003000 103:03 119313519                 /usr/lib/libXau.so.6.0.0
7f7feb817000-7f7feb818000 r--p 00000000 103:03 119279042                 /usr/lib/librt.so.1
7f7feb818000-7f7feb819000 r-xp 00001000 103:03 119279042                 /usr/lib/librt.so.1
7f7feb819000-7f7feb81a000 r--p 00002000 103:03 119279042                 /usr/lib/librt.so.1
7f7feb81a000-7f7feb81b000 r--p 00002000 103:03 119279042                 /usr/lib/librt.so.1
7f7feb81b000-7f7feb81c000 rw-p 00003000 103:03 119279042                 /usr/lib/librt.so.1
7f7feb81c000-7f7feb81f000 r--p 00000000 103:03 119440428                 /usr/lib/jvm/java-21-openjdk/lib/libnet.so
7f7feb81f000-7f7feb827000 r-xp 00003000 103:03 119440428                 /usr/lib/jvm/java-21-openjdk/lib/libnet.so
7f7feb827000-7f7feb829000 r--p 0000b000 103:03 119440428                 /usr/lib/jvm/java-21-openjdk/lib/libnet.so
7f7feb829000-7f7feb82a000 r--p 0000d000 103:03 119440428                 /usr/lib/jvm/java-21-openjdk/lib/libnet.so
7f7feb82a000-7f7feb82b000 rw-p 0000e000 103:03 119440428                 /usr/lib/jvm/java-21-openjdk/lib/libnet.so
7f7feb82b000-7f7feb8ac000 rw-p 00000000 00:00 0 
7f7feb8ac000-7f7febaae000 rw-p 00000000 00:00 0 
7f7febaae000-7f7fec25e000 rw-p 00000000 00:00 0 
7f7fec25e000-7f7ff34ae000 ---p 00000000 00:00 0 
7f7ff34ae000-7f7ff35b4000 rw-p 00000000 00:00 0 
7f7ff35b4000-7f7ff43fe000 ---p 00000000 00:00 0 
7f7ff43fe000-7f7ff4400000 rw-p 00000000 00:00 0 
7f7ff4400000-7f7ff4670000 rwxp 00000000 00:00 0 
7f7ff4670000-7f7ffb937000 ---p 00000000 00:00 0 
7f7ffb937000-7f7ffbba7000 rwxp 00000000 00:00 0 
7f7ffbba7000-7f7ffbec9000 ---p 00000000 00:00 0 
7f7ffbec9000-7f7ffc139000 rwxp 00000000 00:00 0 
7f7ffc139000-7f8003400000 ---p 00000000 00:00 0 
7f8003400000-7f800bef7000 r--s 00000000 103:03 119440438                 /usr/lib/jvm/java-21-openjdk/lib/modules
7f800bef7000-7f800bef8000 rw-s 00000000 00:01 35297                      /memfd:pipewire-memfd:flags=0x0000000f,type=2,size=4096 (deleted)
7f800bef8000-7f800bef9000 rw-s 00000000 00:01 35296                      /memfd:pipewire-memfd:flags=0x0000000f,type=2,size=2312 (deleted)
7f800bef9000-7f800befa000 rw-p 00000000 00:00 0 
7f800befa000-7f800befb000 r--p 00000000 103:03 119278999                 /usr/lib/libdl.so.2
7f800befb000-7f800befc000 r-xp 00001000 103:03 119278999                 /usr/lib/libdl.so.2
7f800befc000-7f800befd000 r--p 00002000 103:03 119278999                 /usr/lib/libdl.so.2
7f800befd000-7f800befe000 r--p 00002000 103:03 119278999                 /usr/lib/libdl.so.2
7f800befe000-7f800beff000 rw-p 00003000 103:03 119278999                 /usr/lib/libdl.so.2
7f800beff000-7f800c000000 rw-p 00000000 00:00 0 
7f800c000000-7f800d392000 rw-p 00000000 00:00 0 
7f800d392000-7f8010000000 ---p 00000000 00:00 0 
7f8010000000-7f8010002000 r--p 00000000 103:03 119440436                 /usr/lib/jvm/java-21-openjdk/lib/libverify.so
7f8010002000-7f8010009000 r-xp 00002000 103:03 119440436                 /usr/lib/jvm/java-21-openjdk/lib/libverify.so
7f8010009000-7f801000b000 r--p 00009000 103:03 119440436                 /usr/lib/jvm/java-21-openjdk/lib/libverify.so
7f801000b000-7f801000d000 r--p 0000a000 103:03 119440436                 /usr/lib/jvm/java-21-openjdk/lib/libverify.so
7f801000d000-7f801000e000 rw-p 0000c000 103:03 119440436                 /usr/lib/jvm/java-21-openjdk/lib/libverify.so
7f801000e000-7f8010015000 r--p 00000000 103:03 119440429                 /usr/lib/jvm/java-21-openjdk/lib/libnio.so
7f8010015000-7f801001e000 r-xp 00007000 103:03 119440429                 /usr/lib/jvm/java-21-openjdk/lib/libnio.so
7f801001e000-7f8010022000 r--p 00010000 103:03 119440429                 /usr/lib/jvm/java-21-openjdk/lib/libnio.so
7f8010022000-7f8010023000 r--p 00014000 103:03 119440429                 /usr/lib/jvm/java-21-openjdk/lib/libnio.so
7f8010023000-7f8010024000 rw-p 00015000 103:03 119440429                 /usr/lib/jvm/java-21-openjdk/lib/libnio.so
7f8010024000-7f8010026000 r--p 00000000 103:03 119424106                 /usr/lib/jvm/java-21-openjdk/lib/libdt_socket.so
7f8010026000-7f8010029000 r-xp 00002000 103:03 119424106                 /usr/lib/jvm/java-21-openjdk/lib/libdt_socket.so
7f8010029000-7f801002a000 r--p 00005000 103:03 119424106                 /usr/lib/jvm/java-21-openjdk/lib/libdt_socket.so
7f801002a000-7f801002b000 r--p 00006000 103:03 119424106                 /usr/lib/jvm/java-21-openjdk/lib/libdt_socket.so
7f801002b000-7f801002c000 rw-p 00007000 103:03 119424106                 /usr/lib/jvm/java-21-openjdk/lib/libdt_socket.so
7f801002c000-7f8010033000 r--s 00000000 103:03 119342468                 /usr/lib/gconv/gconv-modules.cache
7f8010033000-7f8010281000 rw-p 00000000 00:00 0 
7f8010281000-7f80110cb000 ---p 00000000 00:00 0 
7f80110cb000-7f8011b1a000 rw-p 00000000 00:00 0 
7f8011b1a000-7f8011c00000 ---p 00000000 00:00 0 
7f8011c00000-7f8011f42000 r--p 00000000 103:03 119342467                 /usr/lib/locale/locale-archive
7f8011f42000-7f8011f47000 rw-p 00000000 00:00 0 
7f8011f47000-7f801202d000 ---p 00000000 00:00 0 
7f801202d000-7f8012032000 rw-p 00000000 00:00 0 
7f8012032000-7f8012039000 ---p 00000000 00:00 0 
7f8012039000-7f8012042000 r--s 00134000 103:03 119827436                 /usr/share/idea/plugins/java/lib/rt/debugger-agent.jar
7f8012042000-7f8012044000 r--p 00000000 103:03 119440437                 /usr/lib/jvm/java-21-openjdk/lib/libzip.so
7f8012044000-7f8012048000 r-xp 00002000 103:03 119440437                 /usr/lib/jvm/java-21-openjdk/lib/libzip.so
7f8012048000-7f801204a000 r--p 00006000 103:03 119440437                 /usr/lib/jvm/java-21-openjdk/lib/libzip.so
7f801204a000-7f801204b000 r--p 00007000 103:03 119440437                 /usr/lib/jvm/java-21-openjdk/lib/libzip.so
7f801204b000-7f801204c000 rw-p 00008000 103:03 119440437                 /usr/lib/jvm/java-21-openjdk/lib/libzip.so
7f801204c000-7f8012054000 rw-s 00000000 00:2c 308                        /tmp/hsperfdata_jonny/21162
7f8012054000-7f801205e000 r--p 00000000 103:03 119424114                 /usr/lib/jvm/java-21-openjdk/lib/libjava.so
7f801205e000-7f801206c000 r-xp 0000a000 103:03 119424114                 /usr/lib/jvm/java-21-openjdk/lib/libjava.so
7f801206c000-7f8012072000 r--p 00018000 103:03 119424114                 /usr/lib/jvm/java-21-openjdk/lib/libjava.so
7f8012072000-7f8012073000 r--p 0001d000 103:03 119424114                 /usr/lib/jvm/java-21-openjdk/lib/libjava.so
7f8012073000-7f8012074000 rw-p 0001e000 103:03 119424114                 /usr/lib/jvm/java-21-openjdk/lib/libjava.so
7f8012074000-7f8012075000 rw-p 00000000 00:00 0 
7f8012075000-7f8012077000 r--p 00000000 103:03 119424109                 /usr/lib/jvm/java-21-openjdk/lib/libinstrument.so
7f8012077000-7f801207e000 r-xp 00002000 103:03 119424109                 /usr/lib/jvm/java-21-openjdk/lib/libinstrument.so
7f801207e000-7f8012081000 r--p 00009000 103:03 119424109                 /usr/lib/jvm/java-21-openjdk/lib/libinstrument.so
7f8012081000-7f8012082000 r--p 0000c000 103:03 119424109                 /usr/lib/jvm/java-21-openjdk/lib/libinstrument.so
7f8012082000-7f8012083000 rw-p 0000d000 103:03 119424109                 /usr/lib/jvm/java-21-openjdk/lib/libinstrument.so
7f8012083000-7f8012085000 r--p 00000000 103:03 119424117                 /usr/lib/jvm/java-21-openjdk/lib/libjdwp.so
7f8012085000-7f80120b6000 r-xp 00002000 103:03 119424117                 /usr/lib/jvm/java-21-openjdk/lib/libjdwp.so
7f80120b6000-7f80120c6000 r--p 00033000 103:03 119424117                 /usr/lib/jvm/java-21-openjdk/lib/libjdwp.so
7f80120c6000-7f80120c7000 r--p 00042000 103:03 119424117                 /usr/lib/jvm/java-21-openjdk/lib/libjdwp.so
7f80120c7000-7f80120c8000 rw-p 00043000 103:03 119424117                 /usr/lib/jvm/java-21-openjdk/lib/libjdwp.so
7f80120c8000-7f80120c9000 rw-p 00000000 00:00 0 
7f80120c9000-7f80120d9000 r--p 00000000 103:03 119279010                 /usr/lib/libm.so.6
7f80120d9000-7f8012175000 r-xp 00010000 103:03 119279010                 /usr/lib/libm.so.6
7f8012175000-7f80121fe000 r--p 000ac000 103:03 119279010                 /usr/lib/libm.so.6
7f80121fe000-7f80121ff000 r--p 00134000 103:03 119279010                 /usr/lib/libm.so.6
7f80121ff000-7f8012200000 rw-p 00135000 103:03 119279010                 /usr/lib/libm.so.6
7f8012200000-7f801229a000 r--p 00000000 103:03 119318275                 /usr/lib/libstdc++.so.6.0.36
7f801229a000-7f801241d000 r-xp 0009a000 103:03 119318275                 /usr/lib/libstdc++.so.6.0.36
7f801241d000-7f80124bd000 r--p 0021d000 103:03 119318275                 /usr/lib/libstdc++.so.6.0.36
7f80124bd000-7f80124ce000 r--p 002bc000 103:03 119318275                 /usr/lib/libstdc++.so.6.0.36
7f80124ce000-7f80124cf000 rw-p 002cd000 103:03 119318275                 /usr/lib/libstdc++.so.6.0.36
7f80124cf000-7f80124d3000 rw-p 00000000 00:00 0 
7f80124d3000-7f80124d7000 ---p 00000000 00:00 0 
7f80124d7000-7f80125d3000 rw-p 00000000 00:00 0 
7f80125d3000-7f80125d7000 r--p 00000000 103:03 119342366                 /usr/lib/libgcc_s.so.1
7f80125d7000-7f80125fa000 r-xp 00004000 103:03 119342366                 /usr/lib/libgcc_s.so.1
7f80125fa000-7f80125fe000 r--p 00027000 103:03 119342366                 /usr/lib/libgcc_s.so.1
7f80125fe000-7f80125ff000 r--p 0002b000 103:03 119342366                 /usr/lib/libgcc_s.so.1
7f80125ff000-7f8012600000 rw-p 0002c000 103:03 119342366                 /usr/lib/libgcc_s.so.1
7f8012600000-7f8012610000 r--p 00000000 103:03 119440448                 /usr/lib/jvm/java-21-openjdk/lib/server/libjvm.so
7f8012610000-7f8013596000 r-xp 00010000 103:03 119440448                 /usr/lib/jvm/java-21-openjdk/lib/server/libjvm.so
7f8013596000-7f8013890000 r--p 00f96000 103:03 119440448                 /usr/lib/jvm/java-21-openjdk/lib/server/libjvm.so
7f8013890000-7f8013966000 r--p 01290000 103:03 119440448                 /usr/lib/jvm/java-21-openjdk/lib/server/libjvm.so
7f8013966000-7f8013996000 rw-p 01366000 103:03 119440448                 /usr/lib/jvm/java-21-openjdk/lib/server/libjvm.so
7f8013996000-7f80139fc000 rw-p 00000000 00:00 0 
7f80139fc000-7f80139fd000 rw-p 00000000 00:00 0 
7f80139fd000-7f80139fe000 rw-p 00000000 00:00 0 
7f80139fe000-7f80139ff000 r-xp 00053000 00:2c 170                        /tmp/lwjgljonny/3.3.1-build-7/liblwjgl.so
7f80139ff000-7f8013a00000 rw-p 00000000 00:00 0 
7f8013a00000-7f8013a24000 r--p 00000000 103:03 119278981                 /usr/lib/libc.so.6
7f8013a24000-7f8013b9f000 r-xp 00024000 103:03 119278981                 /usr/lib/libc.so.6
7f8013b9f000-7f8013c15000 r--p 0019f000 103:03 119278981                 /usr/lib/libc.so.6
7f8013c15000-7f8013c19000 r--p 00214000 103:03 119278981                 /usr/lib/libc.so.6
7f8013c19000-7f8013c1b000 rw-p 00218000 103:03 119278981                 /usr/lib/libc.so.6
7f8013c1b000-7f8013c23000 rw-p 00000000 00:00 0 
7f8013c23000-7f8013c24000 r--p 00000000 103:03 119279037                 /usr/lib/libpthread.so.0
7f8013c24000-7f8013c25000 r-xp 00001000 103:03 119279037                 /usr/lib/libpthread.so.0
7f8013c25000-7f8013c26000 r--p 00002000 103:03 119279037                 /usr/lib/libpthread.so.0
7f8013c26000-7f8013c27000 r--p 00002000 103:03 119279037                 /usr/lib/libpthread.so.0
7f8013c27000-7f8013c28000 rw-p 00003000 103:03 119279037                 /usr/lib/libpthread.so.0
7f8013c28000-7f8013c29000 ---p 00000000 00:00 0 
7f8013c29000-7f8013c2a000 r--p 00000000 00:00 0 
7f8013c2a000-7f8013c2b000 ---p 00000000 00:00 0 
7f8013c2b000-7f8013c2c000 r--p 00000000 103:03 119424119                 /usr/lib/jvm/java-21-openjdk/lib/libjimage.so
7f8013c2c000-7f8013c2f000 r-xp 00001000 103:03 119424119                 /usr/lib/jvm/java-21-openjdk/lib/libjimage.so
7f8013c2f000-7f8013c30000 r--p 00004000 103:03 119424119                 /usr/lib/jvm/java-21-openjdk/lib/libjimage.so
7f8013c30000-7f8013c31000 r--p 00005000 103:03 119424119                 /usr/lib/jvm/java-21-openjdk/lib/libjimage.so
7f8013c31000-7f8013c32000 rw-p 00006000 103:03 119424119                 /usr/lib/jvm/java-21-openjdk/lib/libjimage.so
7f8013c32000-7f8013c34000 rw-p 00000000 00:00 0 
7f8013c34000-7f8013c37000 r--p 00000000 103:03 119277796                 /usr/lib/libz.so.1.3.2
7f8013c37000-7f8013c47000 r-xp 00003000 103:03 119277796                 /usr/lib/libz.so.1.3.2
7f8013c47000-7f8013c4d000 r--p 00013000 103:03 119277796                 /usr/lib/libz.so.1.3.2
7f8013c4d000-7f8013c4e000 r--p 00018000 103:03 119277796                 /usr/lib/libz.so.1.3.2
7f8013c4e000-7f8013c4f000 rw-p 00019000 103:03 119277796                 /usr/lib/libz.so.1.3.2
7f8013c4f000-7f8013c51000 r--p 00000000 103:03 119440418                 /usr/lib/jvm/java-21-openjdk/lib/libjli.so
7f8013c51000-7f8013c5b000 r-xp 00002000 103:03 119440418                 /usr/lib/jvm/java-21-openjdk/lib/libjli.so
7f8013c5b000-7f8013c5e000 r--p 0000c000 103:03 119440418                 /usr/lib/jvm/java-21-openjdk/lib/libjli.so
7f8013c5e000-7f8013c5f000 r--p 0000f000 103:03 119440418                 /usr/lib/jvm/java-21-openjdk/lib/libjli.so
7f8013c5f000-7f8013c60000 rw-p 00010000 103:03 119440418                 /usr/lib/jvm/java-21-openjdk/lib/libjli.so
7f8013c60000-7f8013c62000 rw-p 00000000 00:00 0 
7f8013c62000-7f8013c9c000 r--p 00000000 103:03 98304699                  /etc/ld.so.cache
7f8013c9c000-7f8013ca0000 r--p 00000000 00:00 0                          [vvar]
7f8013ca0000-7f8013ca2000 r--p 00000000 00:00 0                          [vvar_vclock]
7f8013ca2000-7f8013ca4000 r-xp 00000000 00:00 0                          [vdso]
7f8013ca4000-7f8013ca5000 r--p 00000000 103:03 119278945                 /usr/lib/ld-linux-x86-64.so.2
7f8013ca5000-7f8013cd2000 r-xp 00001000 103:03 119278945                 /usr/lib/ld-linux-x86-64.so.2
7f8013cd2000-7f8013ce1000 r--p 0002e000 103:03 119278945                 /usr/lib/ld-linux-x86-64.so.2
7f8013ce1000-7f8013ce3000 r--p 0003d000 103:03 119278945                 /usr/lib/ld-linux-x86-64.so.2
7f8013ce3000-7f8013ce4000 rw-p 0003f000 103:03 119278945                 /usr/lib/ld-linux-x86-64.so.2
7f8013ce4000-7f8013ce5000 rw-p 00000000 00:00 0 
7ffc75bb1000-7ffc75bd5000 rw-p 00000000 00:00 0                          [stack]
ffffffffff600000-ffffffffff601000 --xp 00000000 00:00 0                  [vsyscall]
Total number of mappings: 584

JVMTI agents:
jdwp path:none, loaded, initialized, options:transport=dt_socket,server=n,suspend=y,address=127.0.0.1:36133
/usr/share/idea/plugins/java/lib/rt/debugger-agent.jar path:none, loaded, initialized, instrumentlib options:file:///tmp/capture1410246500206195039.props


VM Arguments:
jvm_args: -Ddebugger.agent.enable.coroutines=true -Ddebugger.async.stack.trace.for.all.threads=true -Dkotlinx.coroutines.debug.enable.creation.stack.trace=false -Dkotlinx.coroutines.debug.enable.flows.stack.trace=true -Dkotlinx.coroutines.debug.enable.mutable.state.flows.stack.trace=true -agentlib:jdwp=transport=dt_socket,server=n,suspend=y,address=127.0.0.1:36133 -javaagent:/usr/share/idea/plugins/java/lib/rt/debugger-agent.jar=file:///tmp/capture1410246500206195039.props -Dfile.encoding=UTF-8 -Duser.country=AU -Duser.language=en -Duser.variant 
java_command: com.csse3200.game.desktop.DesktopLauncher
java_class_path (initial): /home/jonny/.projects/java/2026-studio-3/source/desktop/build/classes/java/main:/home/jonny/.projects/java/2026-studio-3/source/desktop/build/resources/main:/home/jonny/.gradle/caches/modules-2/files-2.1/com.badlogicgames.gdx/gdx-backend-lwjgl3/1.11.0/58a96db4cd349be4292d547856aa1e1c5f065f4e/gdx-backend-lwjgl3-1.11.0.jar:/home/jonny/.gradle/caches/modules-2/files-2.1/com.badlogicgames.gdx/gdx-platform/1.11.0/697fb13eada6d3c6ca648c9788692b0159add126/gdx-platform-1.11.0-natives-desktop.jar:/home/jonny/.gradle/caches/modules-2/files-2.1/com.badlogicgames.gdx/gdx-box2d-platform/1.11.0/62ff9baa1e57a11e0a4428a38c9660bf9f312fdc/gdx-box2d-platform-1.11.0-natives-desktop.jar:/home/jonny/.gradle/caches/modules-2/files-2.1/com.badlogicgames.gdx/gdx-tools/1.11.0/a5d30eafd0f2fbab314efdf6d98ebc27388b7c0a/gdx-tools-1.11.0.jar:/home/jonny/.gradle/caches/modules-2/files-2.1/com.badlogicgames.gdx-controllers/gdx-controllers-desktop/2.2.2/625b3bdbe803e9c4af181b4791202cfcf776d805/gdx-controllers-desktop-2.2.2.jar:/home/jonny/.projects/java/2026-studio-3/source/core/build/libs/core-1.0.jar:/home/jonny/.gradle/caches/modules-2/files-2.1/com.badlogicgames.gdx/gdx-backend-lwjgl/1.11.0/33555a2cf8b4d9db4122b2fe42e7674b343d8b4/gdx-backend-lwjgl-1.11.0.jar:/home/jonny/.gradle/caches/modules-2/files-2.1/com.badlogicgames.gdx/gdx-freetype/1.11.0/a3634ad2e6c56d251268d6ab5c0f66eee2841f2c/gdx-freetype-1.11.0.jar:/home/jonny/.gradle/caches/modules-2/files-2.1/com.badlogicgames.gdx/gdx-backend-headless/1.11.0/3c3d0c951db72891d894df1725d09179fd0bca00/gdx-backend-headless-1.11.0.jar:/home/jonny/.gradle/caches/modules-2/files-2.1/com.badlogicgames.gdx-controllers/gdx-controllers-core/2.2.2/25473efe9273912a03a4871a9e1469b41d86face/gdx-controllers-core-2.2.2.jar:/home/jonny/.gradle/caches/modules-2/files-2.1/net.dermetfan.libgdx-utils/libgdx-utils-box2d/0.13.4/918d79a20ea3c898cdb3611782c5b2bfa6ec575b/libgdx-utils-box2d-0.13.4.jar:/home/jonny/.gradle/caches/modules-2/files-2.1/com.badlogicgames.gdx/gdx-box2d/1.11.0/ad4facee800dd945d6d6e93dea2936bc135b5f/gdx-box2d-1.11.0.jar:/home/jonny/.gradle/caches/modules-2/files-2.1/net.dermetfan.libgdx-utils/libgdx-utils/0.13.4/27affad2873d1c9c366a2290fc51f3927f3a5f83/libgdx-utils-0.13.4.jar:/home/jonny/.gradle/caches/modules-2/files-2.1/com.badlogicgames.gdx/gdx/1.11.0/ffe1206d1004cd9e40027e28964be0fea0399af7/gdx-1.11.0.jar:/home/jonny/.gradle/caches/modules-2/files-2.1/org.lwjgl/lwjgl-glfw/3.3.1/cbac1b8d30cb4795149c1ef540f912671a8616d0/lwjgl-glfw-3.3.1.jar:/home/jonny/.gradle/caches/modules-2/files-2.1/org.lwjgl/lwjgl-glfw/3.3.1/81716978214ecbda15050ca394b06ef61501a49e/lwjgl-glfw-3.3.1-natives-linux.jar:/home/jonny/.gradle/caches/modules-2/files-2.1/org.lwjgl/lwjgl-glfw/3.3.1/816d935933f2dd743074c4e717cc25b55720f294/lwjgl-glfw-3.3.1-natives-linux-arm32.jar:/home/jonny/.gradle/caches/modules-2/files-2.1/org.lwjgl/lwjgl-glfw/3.3.1/513eb39b866d0fe131a18d5c517087805433b029/lwjgl-glfw-3.3.1-natives-linux-arm64.jar:/home/jonny/.gradle/caches/modules-2/files-2.1/org.lwjgl/lwjgl-glfw/3.3.1/9ec4ce1fc8c85fdef03ef4ff2aace6f5775fb280/lwjgl-glfw-3.3.1-natives-macos.jar:/home/jonny/.gradle/caches/modules-2/files-2.1/org.lwjgl/lwjgl-glfw/3.3.1/cac0d3f712a3da7641fa174735a5f315de7ffe0a/lwjgl-glfw-3.3.1-natives-macos-arm64.jar:/home/jonny/.gradle/caches/modules-2/files-2.1/org.lwjgl/lwjgl-glfw/3.3.1/ed892f945cf7e79c8756796f32d00fa4ceaf573b/lwjgl-glfw-3.3.1-natives-windows.jar:/home/jonny/.gradle/caches/modules-2/files-2.1/org.lwjgl/lwjgl-glfw/3.3.1/b997e3391d6ce8f05487e7335d95c606043884a1/lwjgl-glfw-3.3.1-natives-windows-x86.jar:/home/jonny/.gradle/caches/modules-2/files-2.1/org.lwjgl/lwjgl-jemalloc/3.3.1/a817bcf213db49f710603677457567c37d53e103/lwjgl-jemalloc-3.3.1.jar:/home/jonny/.gradle/caches/modules-2/files-2.1/org.lwjgl/lwjgl-jemalloc/3.3.1/33dbb017b6ed6b25f993ad9d56741a49e7937718/lwjgl-jemalloc-3.3.1-natives-linux.jar:/home/jonny/.gradle/caches/modules-2/files-2.1/org.lwjgl/lwjgl-jemalloc/3.3.1/a96a6d6cb3876d7813fcee53c3c24f246aeba3b3/lwjgl-jemalloc-3.3.1-natives-linux-arm32.jar:/home/jonny/.gradle/caches/modules-2/files-2.1/org.lwjgl/lwjgl-jemalloc/3.3.1/c6606e57db075ad218a2e78d2416c159a53b6a0c/lwjgl-jemalloc-3.3.1-natives-linux-arm64.jar:/home/jonny/.gradle/caches/modules-2/files-2.1/org.lwjgl/lwjgl-jemalloc/3.3.1/56424dc8db3cfb8e7b594aa6d59a4f4387b7f544/lwjgl-jemalloc-3.3.1-natives-macos.jar:/home/jonny/.gradle/caches/modules-2/files-2.1/org.lwjgl/lwjgl-jemalloc/3.3.1/e577b87d8ad2ade361aaea2fcf226c660b15dee8/lwjgl-jemalloc-3.3.1-natives-macos-arm64.jar:/home/jonny/.gradle/caches/modules-2/files-2.1/org.lwjgl/lwjgl-jemalloc/3.3.1/948a89b76a16aa324b046ae9308891216ffce5f9/lwjgl-jemalloc-3.3.1-natives-windows.jar:/home/jonny/.gradle/caches/modules-2/files-2.1/org.lwjgl/lwjgl-jemalloc/3.3.1/fb476c8ec110e1c137ad3ce8a7f7bfe6b11c6324/lwjgl-jemalloc-3.3.1-natives-windows-x86.jar:/home/jonny/.gradle/caches/modules-2/files-2.1/org.lwjgl/lwjgl-openal/3.3.1/2623a6b8ae1dfcd880738656a9f0243d2e6840bd/lwjgl-openal-3.3.1.jar:/home/jonny/.gradle/caches/modules-2/files-2.1/org.lwjgl/lwjgl-openal/3.3.1/f906b6439f6daa66001182ea7727e3467a93681b/lwjgl-openal-3.3.1-natives-linux.jar:/home/jonny/.gradle/caches/modules-2/files-2.1/org.lwjgl/lwjgl-openal/3.3.1/ffbe35d7fa5ec9b7eca136a7c71f24d4025a510b/lwjgl-openal-3.3.1-natives-linux-arm32.jar:/home/jonny/.gradle/caches/modules-2/files-2.1/org.lwjgl/lwjgl-openal/3.3.1/cf4e303257e82981b8b2e31bba3d7f8f7b8f42b2/lwjgl-openal-3.3.1-natives-linux-arm64.jar:/home/jonny/.gradle/caches/modules-2/files-2.1/org.lwjgl/lwjgl-openal/3.3.1/3a57b8911835fb58b5e558d0ca0d28157e263d45/lwjgl-openal-3.3.1-natives-macos.jar:/home/jonny/.gradle/caches/modules-2/files-2.1/org.lwjgl/lwjgl-openal/3.3.1/23d55e7490b57495320f6c9e1936d78fd72c4ef8/lwjgl-openal-3.3.1-natives-macos-arm64.jar:/home/jonny/.gradle/caches/modules-2/files-2.1/org.lwjgl/lwjgl-openal/3.3.1/30a474d0e57193d7bc128849a3ab66bc9316fdb1/lwjgl-openal-3.3.1-natives-windows.jar:/home/jonny/.gradle/caches/modules-2/files-2.1/org.lwjgl/lwjgl-openal/3.3.1/888349f7b1be6fbae58bf8edfb9ef12def04c4e3/lwjgl-openal-3.3.1-natives-windows-x86.jar:/home/jonny/.gradle/caches/modules-2/files-2.1/org.lwjgl/lwjgl-opengl/3.3.1/831a5533a21a5f4f81bbc51bb13e9899319b5411/lwjgl-opengl-3.3.1.jar:/home/jonny/.gradle/caches/modules-2/files-2.1/org.lwjgl/lwjgl-opengl/3.3.1/ab9ab6fde3743e3550fa5d46d785ecb45b047d99/lwjgl-opengl-3.3.1-natives-linux.jar:/home/jonny/.gradle/caches/modules-2/files-2.1/org.lwjgl/lwjgl-opengl/3.3.1/e3550fa91097fd56e361b4370fa822220fef3595/lwjgl-opengl-3.3.1-natives-linux-arm32.jar:/home/jonny/.gradle/caches/modules-2/files-2.1/org.lwjgl/lwjgl-opengl/3.3.1/1c528fb258a6e63e8fceb4482d8db0f3af10a634/lwjgl-opengl-3.3.1-natives-linux-arm64.jar:/home/jonny/.gradle/caches/modules-2/files-2.1/org.lwjgl/lwjgl-opengl/3.3.1/a0d12697ea019a7362eff26475b0531340e876a6/lwjgl-opengl-3.3.1-natives-macos.jar:/home/jonny/.gradle/caches/modules-2/files-2.1/org.lwjgl/lwjgl-opengl/3.3.1/eafe34b871d966292e8db0f1f3d6b8b110d4e91d/lwjgl-opengl-3.3.1-natives-macos-arm64.jar:/home/jonny/.gradle/caches/modules-2/files-2.1/org.lwjgl/lwjgl-opengl/3.3.1/c1807e9bd571402787d7e37e3029776ae2513bb8/lwjgl-opengl-3.3.1-natives-windows.jar:/home/jonny/.gradle/caches/modules-2/files-2.1/org.lwjgl/lwjgl-opengl/3.3.1/deef3eb9b178ff2ff3ce893cc72ae741c3a17974/lwjgl-opengl-3.3.1-natives-windows-x86.jar:/home/jonny/.gradle/caches/modules-2/files-2.1/org.lwjgl/lwjgl-stb/3.3.1/b119297cf8ed01f247abe8685857f8e7fcf5980f/lwjgl-stb-3.3.1.jar:/home/jonny/.gradle/caches/modules-2/files-2.1/org.lwjgl/lwjgl-stb/3.3.1/3ee7aec8686e52867677110415566a5342a80230/lwjgl-stb-3.3.1-natives-linux.jar:/home/jonny/.gradle/caches/modules-2/files-2.1/org.lwjgl/lwjgl-stb/3.3.1/b08226bab162c06ae69337d8a1b0ee0a3fdf0b90/lwjgl-stb-3.3.1-natives-linux-arm32.jar:/home/jonny/.gradle/caches/modules-2/files-2.1/org.lwjgl/lwjgl-stb/3.3.1/8e8348a1813aad7f30aaf75ea197151ebb7beba9/lwjgl-stb-3.3.1-natives-linux-arm64.jar:/home/jonny/.gradle/caches/modules-2/files-2.1/org.lwjgl/lwjgl-stb/3.3.1/def8879b8d38a47a4cc1d48b1f9a7b772e51258e/lwjgl-stb-3.3.1-natives-macos.jar:/home/jonny/.gradle/caches/modules-2/files-2.1/org.lwjgl/lwjgl-stb/3.3.1/fcf073ed911752abdca5f0b00a53cfdf17ff8e8b/lwjgl-stb-3.3.1-natives-macos-arm64.jar:/home/jonny/.gradle/caches/modules-2/files-2.1/org.lwjgl/lwjgl-stb/3.3.1/86315914ac119efdb02dc9e8e978ade84f1702af/lwjgl-stb-3.3.1-natives-windows.jar:/home/jonny/.gradle/caches/modules-2/files-2.1/org.lwjgl/lwjgl-stb/3.3.1/a8d41f419eecb430b7c91ea2ce2c5c451cae2091/lwjgl-stb-3.3.1-natives-windows-x86.jar:/home/jonny/.gradle/caches/modules-2/files-2.1/org.lwjgl/lwjgl/3.3.1/ae58664f88e18a9bb2c77b063833ca7aaec484cb/lwjgl-3.3.1.jar:/home/jonny/.gradle/caches/modules-2/files-2.1/org.lwjgl/lwjgl/3.3.1/1de885aba434f934201b99f2f1afb142036ac189/lwjgl-3.3.1-natives-linux.jar:/home/jonny/.gradle/caches/modules-2/files-2.1/org.lwjgl/lwjgl/3.3.1/41a3c1dd15d6b964eb8196dde69720a3e3e5e969/lwjgl-3.3.1-natives-linux-arm32.jar:/home/jonny/.gradle/caches/modules-2/files-2.1/org.lwjgl/lwjgl/3.3.1/b597401014acb7196c76d97e15a6288f54f1f692/lwjgl-3.3.1-natives-linux-arm64.jar:/home/jonny/.gradle/caches/modules-2/files-2.1/org.lwjgl/lwjgl/3.3.1/fc6bb723dec2cd031557dccb2a95f0ab80acb9db/lwjgl-3.3.1-natives-macos.jar:/home/jonny/.gradle/caches/modules-2/files-2.1/org.lwjgl/lwjgl/3.3.1/71d0d5e469c9c95351eb949064497e3391616ac9/lwjgl-3.3.1-natives-macos-arm64.jar:/home/jonny/.gradle/caches/modules-2/files-2.1/org.lwjgl/lwjgl/3.3.1/36c37f16ab611b3aa11f3bcf80b1d509b4ce6b/lwjgl-3.3.1-natives-windows.jar:/home/jonny/.gradle/caches/modules-2/files-2.1/org.lwjgl/lwjgl/3.3.1/3b14f4beae9dd39791ec9e12190a9380cd8a3ce6/lwjgl-3.3.1-natives-windows-x86.jar:/home/jonny/.gradle/caches/modules-2/files-2.1/com.badlogicgames.jlayer/jlayer/1.0.1-gdx/7cca83cec5c1b2f011362f4d85aabd71a73b049d/jlayer-1.0.1-gdx.jar:/home/jonny/.gradle/caches/modules-2/files-2.1/org.jcraft/jorbis/0.0.17/8872d22b293e8f5d7d56ff92be966e6dc28ebdc6/jorbis-0.0.17.jar:/home/jonny/.gradle/caches/modules-2/files-2.1/com.badlogicgames.jamepad/jamepad/2.0.20.0/55eb0007fd55c9914d106dac3387b9d444572cab/jamepad-2.0.20.0.jar:/home/jonny/.gradle/caches/modules-2/files-2.1/org.slf4j/slf4j-jdk14/1.7.36/4a18af6554bfe48b0f76eec98119c417da23c7e1/slf4j-jdk14-1.7.36.jar:/home/jonny/.gradle/caches/modules-2/files-2.1/org.slf4j/slf4j-api/1.7.36/6c62681a2f655b49963a5983b8b0950a6120ae14/slf4j-api-1.7.36.jar:/home/jonny/.gradle/caches/modules-2/files-2.1/com.badlogicgames.gdx/gdx-jnigen-loader/2.3.1/2d472f69243631fbcb3d4c3f93dd2e137a6cb084/gdx-jnigen-loader-2.3.1.jar:/home/jonny/.gradle/caches/modules-2/files-2.1/org.lwjgl.lwjgl/lwjgl/2.9.3/3df168ac74e4a8c96562cdff24ad352e255bf89c/lwjgl-2.9.3.jar:/home/jonny/.gradle/caches/modules-2/files-2.1/org.lwjgl.lwjgl/lwjgl-platform/2.9.3/fbc2afb3e288578e9942578decb6291a490549a0/lwjgl-platform-2.9.3-natives-windows.jar:/home/jonny/.gradle/caches/modules-2/files-2.1/org.lwjgl.lwjgl/lwjgl-platform/2.9.3/b1eafe80093381c56415731e1d64279e6140bcd0/lwjgl-platform-2.9.3-natives-linux.jar:/home/jonny/.gradle/caches/modules-2/files-2.1/org.lwjgl.lwjgl/lwjgl-platform/2.9.3/6686cf6ddaa20b4290aa6599a09bc0d17369be05/lwjgl-platform-2.9.3-natives-osx.jar:/home/jonny/.gradle/caches/modules-2/files-2.1/net.java.jinput/jinput/2.0.5/39c7796b469a600f72380316f6b1f11db6c2c7c4/jinput-2.0.5.jar:/home/jonny/.gradle/caches/modules-2/files-2.1/net.java.jutils/jutils/1.0.0/e12fe1fda814bd348c1579329c86943d2cd3c6a6/jutils-1.0.0.jar:/home/jonny/.gradle/caches/modules-2/files-2.1/net.java.jinput/jinput-platform/2.0.5/7ff832a6eb9ab6a767f1ade2b548092d0fa64795/jinput-platform-2.0.5-natives-linux.jar:/home/jonny/.gradle/caches/modules-2/files-2.1/net.java.jinput/jinput-platform/2.0.5/385ee093e01f587f30ee1c8a2ee7d408fd732e16/jinput-platform-2.0.5-natives-windows.jar:/home/jonny/.gradle/caches/modules-2/files-2.1/net.java.jinput/jinput-platform/2.0.5/53f9c919f34d2ca9de8c51fc4e1e8282029a9232/jinput-platform-2.0.5-natives-osx.jar
Launcher Type: SUN_STANDARD

[Global flags]
     intx CICompilerCount                          = 4                                         {product} {ergonomic}
     uint ConcGCThreads                            = 3                                         {product} {ergonomic}
     uint G1ConcRefinementThreads                  = 10                                        {product} {ergonomic}
   size_t G1HeapRegionSize                         = 4194304                                   {product} {ergonomic}
    uintx GCDrainStackTargetSize                   = 64                                        {product} {ergonomic}
   size_t InitialHeapSize                          = 515899392                                 {product} {ergonomic}
   size_t MarkStackSize                            = 4194304                                   {product} {ergonomic}
   size_t MaxHeapSize                              = 8191475712                                {product} {ergonomic}
   size_t MaxNewSize                               = 4911529984                                {product} {ergonomic}
   size_t MinHeapDeltaBytes                        = 4194304                                   {product} {ergonomic}
   size_t MinHeapSize                              = 8388608                                   {product} {ergonomic}
    uintx NonNMethodCodeHeapSize                   = 5839372                                {pd product} {ergonomic}
    uintx NonProfiledCodeHeapSize                  = 122909434                              {pd product} {ergonomic}
    uintx ProfiledCodeHeapSize                     = 122909434                              {pd product} {ergonomic}
    uintx ReservedCodeCacheSize                    = 251658240                              {pd product} {ergonomic}
     bool SegmentedCodeCache                       = true                                      {product} {ergonomic}
   size_t SoftMaxHeapSize                          = 8191475712                             {manageable} {ergonomic}
     bool UseCompressedOops                        = true                           {product lp64_product} {ergonomic}
     bool UseG1GC                                  = true                                      {product} {ergonomic}

Logging:
Log output configuration:
 #0: stdout all=warning uptime,level,tags foldmultilines=false
 #1: stderr all=off uptime,level,tags foldmultilines=false

Release file:
IMPLEMENTOR="Arch Linux"
JAVA_RUNTIME_VERSION="21.0.12.1+1"
JAVA_VERSION="21.0.12.1"
JAVA_VERSION_DATE="2026-08-18"
LIBC="gnu"
MODULES="java.base java.compiler java.datatransfer java.xml java.prefs java.desktop java.instrument java.logging java.management java.security.sasl java.naming java.rmi java.management.rmi java.net.http java.scripting java.security.jgss java.transaction.xa java.sql java.sql.rowset java.xml.crypto java.se java.smartcardio jdk.accessibility jdk.internal.jvmstat jdk.attach jdk.charsets jdk.internal.opt jdk.zipfs jdk.compiler jdk.crypto.ec jdk.crypto.cryptoki jdk.dynalink jdk.internal.ed jdk.editpad jdk.hotspot.agent jdk.httpserver jdk.incubator.vector jdk.internal.le jdk.internal.vm.ci jdk.internal.vm.compiler jdk.internal.vm.compiler.management jdk.jartool jdk.javadoc jdk.jcmd jdk.management jdk.management.agent jdk.jconsole jdk.jdeps jdk.jdwp.agent jdk.jdi jdk.jfr jdk.jlink jdk.jpackage jdk.jshell jdk.jsobject jdk.jstatd jdk.localedata jdk.management.jfr jdk.naming.dns jdk.naming.rmi jdk.net jdk.nio.mapmode jdk.random jdk.sctp jdk.security.auth jdk.security.jgss jdk.unsupported jdk.unsupported.desktop jdk.xml.dom"
OS_ARCH="x86_64"
OS_NAME="Linux"
SOURCE=""

Environment Variables:
PATH=/opt/SEGGER/JLink:/home/jonny/csse3010/sourcelib/tools:/opt/SEGGER/JLink:/home/jonny/csse3010/sourcelib/tools:/usr/local/sbin:/usr/local/bin:/usr/sbin:/usr/bin:/sbin:/bin:/home/jonny/.local/share/flatpak/exports/bin:/usr/lib/jvm/default/bin:/usr/bin/site_perl:/usr/bin/vendor_perl:/usr/bin/core_perl:/home/jonny/.local/bin:/home/jonny/.cargo/bin:/home/jonny/.local/bin:/home/jonny/.cargo/bin
SHELL=/usr/bin/bash
DISPLAY=:0
WAYLAND_DISPLAY=wayland-1
LANG=en_AU.UTF-8
TERM=linux

Active Locale:
LC_ALL=en_AU.UTF-8
LC_COLLATE=en_AU.UTF-8
LC_CTYPE=en_AU.UTF-8
LC_MESSAGES=en_AU.UTF-8
LC_MONETARY=en_AU.UTF-8
LC_NUMERIC=en_AU.UTF-8
LC_TIME=en_AU.UTF-8

Signal Handlers:
   SIGSEGV: 0x00007f8013489560 in libjvm.so+15242592, mask=11100100010111111101111111111110, flags=SA_RESTART|SA_SIGINFO, unblocked
    SIGBUS: 0x00007f8013489560 in libjvm.so+15242592, mask=11100100010111111101111111111110, flags=SA_RESTART|SA_SIGINFO, unblocked
    SIGFPE: 0x00007f8013489560 in libjvm.so+15242592, mask=11100100010111111101111111111110, flags=SA_RESTART|SA_SIGINFO, unblocked
   SIGPIPE: 0x00007f80132d4330 in libjvm.so+13452080, mask=11100100010111111101111111111110, flags=SA_RESTART|SA_SIGINFO, blocked
   SIGXFSZ: 0x00007f80132d4330 in libjvm.so+13452080, mask=11100100010111111101111111111110, flags=SA_RESTART|SA_SIGINFO, blocked
    SIGILL: 0x00007f8013489560 in libjvm.so+15242592, mask=11100100010111111101111111111110, flags=SA_RESTART|SA_SIGINFO, unblocked
   SIGUSR2: 0x00007f80132d5d10 in libjvm.so+13458704, mask=00000000000000000000000000000000, flags=SA_RESTART|SA_SIGINFO, blocked
    SIGHUP: 0x00007f80132d3650 in libjvm.so+13448784, mask=11100100010111111101111111111110, flags=SA_RESTART|SA_SIGINFO, blocked
    SIGINT: 0x00007f80132d3650 in libjvm.so+13448784, mask=11100100010111111101111111111110, flags=SA_RESTART|SA_SIGINFO, blocked
   SIGTERM: 0x00007f80132d3650 in libjvm.so+13448784, mask=11100100010111111101111111111110, flags=SA_RESTART|SA_SIGINFO, blocked
   SIGQUIT: 0x00007f80132d3650 in libjvm.so+13448784, mask=11100100010111111101111111111110, flags=SA_RESTART|SA_SIGINFO, blocked
   SIGTRAP: 0x00007f8013489560 in libjvm.so+15242592, mask=11100100010111111101111111111110, flags=SA_RESTART|SA_SIGINFO, unblocked


Periodic native trim disabled

---------------  S Y S T E M  ---------------

OS:
DISTRIB_ID="Arch"
DISTRIB_RELEASE="rolling"
DISTRIB_DESCRIPTION="Arch Linux"
uname: Linux 7.1.9-arch1-2 #1 SMP PREEMPT_DYNAMIC Fri, 21 Aug 2026 22:18:59 +0000 x86_64
OS uptime: 0 days 3:11 hours
libc: glibc 2.44 NPTL 2.44 
rlimit (soft/hard): STACK 8192k/infinity , CORE infinity/infinity , NPROC 123932/123932 , NOFILE 524288/524288 , AS infinity/infinity , CPU infinity/infinity , DATA infinity/infinity , FSIZE infinity/infinity , MEMLOCK 8192k/8192k
load average: 0.35 0.45 0.57

/proc/meminfo:
MemTotal:       31988552 kB
MemFree:        16529828 kB
MemAvailable:   22188108 kB
Buffers:          289648 kB
Cached:          5391360 kB
SwapCached:            0 kB
Active:          9744152 kB
Inactive:        4340648 kB
Active(anon):    8163988 kB
Inactive(anon):        0 kB
Active(file):    1580164 kB
Inactive(file):  4340648 kB
Unevictable:      312388 kB
Mlocked:             424 kB
SwapTotal:       4194300 kB
SwapFree:        4194300 kB
Zswap:                 0 kB
Zswapped:              0 kB
Dirty:              1144 kB
Writeback:             0 kB
AnonPages:       8509932 kB
Mapped:          2272256 kB
Shmem:            190872 kB
KReclaimable:     200920 kB
Slab:             359012 kB
SReclaimable:     200920 kB
SUnreclaim:       158092 kB
KernelStack:       26368 kB
PageTables:        62512 kB
SecPageTables:      3972 kB
NFS_Unstable:          0 kB
Bounce:                0 kB
WritebackTmp:          0 kB
CommitLimit:    20188576 kB
Committed_AS:   19140456 kB
VmallocTotal:   34359738367 kB
VmallocUsed:      136492 kB
VmallocChunk:          0 kB
Percpu:            14080 kB
HardwareCorrupted:     0 kB
AnonHugePages:   3764224 kB
ShmemHugePages:        0 kB
ShmemPmdMapped:        0 kB
FileHugePages:   2068480 kB
FilePmdMapped:   1034240 kB
CmaTotal:              0 kB
CmaFree:               0 kB
Unaccepted:            0 kB
Balloon:               0 kB
GPUActive:         15860 kB
GPUReclaim:            0 kB
HugePages_Total:       0
HugePages_Free:        0
HugePages_Rsvd:        0
HugePages_Surp:        0
Hugepagesize:       2048 kB
Hugetlb:               0 kB
DirectMap4k:      939976 kB
DirectMap2M:    12863488 kB
DirectMap1G:    19922944 kB

/sys/kernel/mm/transparent_hugepage/enabled: [always] madvise never
/sys/kernel/mm/transparent_hugepage/hpage_pmd_size: 2097152
/sys/kernel/mm/transparent_hugepage/defrag (defrag/compaction efforts parameter): always defer defer+madvise [madvise] never

Process Memory:
Virtual Size: 10790800K (peak: 10792848K)
Resident Set Size: 235648K (peak: 235648K) (anon: 97536K, file: 135800K, shmem: 2312K)
Swapped out: 0K
C-Heap outstanding allocations: 62288K, retained: 2116K
glibc malloc tunables: (default)

/proc/sys/kernel/threads-max (system-wide limit on the number of threads): 247865
/proc/sys/vm/max_map_count (maximum number of memory map areas a process may have): 2147483642
/proc/sys/vm/swappiness (control to define how aggressively the kernel swaps out anonymous memory): 60
/proc/sys/kernel/pid_max (system-wide limit on number of process identifiers): 4194304

container information not found.
Steal ticks since vm start: 0
Steal ticks percentage since vm start:  0.000

CPU: total 12 (initial active 12) (12 cores per cpu, 2 threads per core) family 25 model 97 stepping 2 microcode 0xa60120c, cx8, cmov, fxsr, ht, mmx, 3dnowpref, sse, sse2, sse3, ssse3, sse4a, sse4.1, sse4.2, popcnt, lzcnt, tsc, tscinvbit, avx, avx2, aes, erms, clmul, bmi1, bmi2, adx, avx512f, avx512dq, avx512cd, avx512bw, avx512vl, sha, fma, vzeroupper, avx512_vpopcntdq, avx512_vpclmulqdq, avx512_vaes, avx512_vnni, clflush, clflushopt, avx512_vbmi2, avx512_vbmi, rdtscp, rdpid, fsrm, gfni, avx512_bitalg, f16c, pku, ospke, cet_ss, avx512_ifma
CPU Model and flags from /proc/cpuinfo:
model name	: AMD Ryzen 5 7600X 6-Core Processor
flags		: fpu vme de pse tsc msr pae mce cx8 apic sep mtrr pge mca cmov pat pse36 clflush mmx fxsr sse sse2 ht syscall nx mmxext fxsr_opt pdpe1gb rdtscp lm constant_tsc rep_good amd_lbr_v2 nopl xtopology nonstop_tsc cpuid extd_apicid aperfmperf rapl pni pclmulqdq monitor ssse3 fma cx16 sse4_1 sse4_2 movbe popcnt aes xsave avx f16c rdrand lahf_lm cmp_legacy svm extapic cr8_legacy abm sse4a misalignsse 3dnowprefetch osvw ibs skinit wdt tce topoext perfctr_core perfctr_nb bpext perfctr_llc mwaitx cpuid_fault cpb cat_l3 cdp_l3 hw_pstate ssbd mba perfmon_v2 ibrs ibpb stibp ibrs_enhanced vmmcall fsgsbase bmi1 avx2 smep bmi2 erms invpcid cqm rdt_a avx512f avx512dq rdseed adx smap avx512ifma clflushopt clwb avx512cd sha_ni avx512bw avx512vl xsaveopt xsavec xgetbv1 xsaves cqm_llc cqm_occup_llc cqm_mbm_total cqm_mbm_local user_shstk avx512_bf16 clzero irperf xsaveerptr rdpru wbnoinvd cppc arat npt lbrv svm_lock nrip_save tsc_scale vmcb_clean flushbyasid decodeassists pausefilter pfthreshold avic vgif x2avic v_spec_ctrl vnmi avx512vbmi umip pku ospke avx512_vbmi2 gfni vaes vpclmulqdq avx512_vnni avx512_bitalg avx512_vpopcntdq rdpid overflow_recov succor smca fsrm flush_l1d amd_lbr_pmc_freeze

Online cpus: 0-11
Offline cpus: 
BIOS frequency limitation: <Not Available>
Frequency switch latency (ns): 0
Available cpu frequencies: <Not Available>
Current governor: powersave
Core performance/turbo boost: 1

Memory: 4k page, physical 31988552k(22188108k free), swap 4194300k(4194300k free)
Page Sizes: 4k

vm_info: OpenJDK 64-Bit Server VM (21.0.12.1+1) for linux-amd64 JRE (21.0.12.1+1), built on 2026-08-18T17:04:29Z by "builduser" with gcc 16.2.1 20260810

END.
